movieId,title,posterUrl,rtScore,imdbScore,rating,runtime,studio,boxOffice,releaseDate
0,Captain America: The Winter Soldier,http://resizing.flixster.com/gxRJwetP1eNIrPR6xlWBfD_VaFc=/180x267/dkpu1ddg7pbsk.cloudfront.net/movie/11/17/72/11177246_ori.jpg,7.5,7.8,PG-13,136,Marvel Studios,"$714,766,572.00 ",04-Apr-14
1,Dawn of the Planet of the Apes,http://resizing.flixster.com/gDtbA1iPxTYEjBZeSsIYktCtUiw=/180x270/dkpu1ddg7pbsk.cloudfront.net/movie/11/18/91/11189194_ori.jpg,7.9,7.7,PG-13,130,20th Century Fox,"$708,835,589.00 ",11-Jul-14
2,Guardians of the Galaxy,http://resizing.flixster.com/YrF_OeTQx3bXNsMLIy_NocjA4wI=/180x267/dkpu1ddg7pbsk.cloudfront.net/movie/11/17/80/11178082_ori.jpg,7.7,8.1,PG-13,121,Marvel Studios,"$774,176,600.00 ",01-Aug-14
3,Interstellar,http://resizing.flixster.com/l9yjA-72sZMYECeOjx-r14mgXtU=/180x270/dkpu1ddg7pbsk.cloudfront.net/movie/11/19/08/11190860_ori.jpg,7,8.7,PG-13,169,Paramount Pictures / Warner Bros.,"$672,974,414.00 ",07-Nov-14
4,Maleficent,http://resizing.flixster.com/YukULOFULUesVZccNjOZzF1YX30=/180x270/dkpu1ddg7pbsk.cloudfront.net/movie/11/18/12/11181292_ori.jpg,5.7,7.1,PG,97,Walt Disney Pictures,"$758,654,942.00 ",30-May-14
5,The Amazing Spider-Man 2,http://resizing.flixster.com/uJRknhjV8s_CDr9Krj6hzk4GzYM=/180x270/dkpu1ddg7pbsk.cloudfront.net/movie/11/18/00/11180032_ori.jpg,5.9,6.9,PG-13,142,Columbia Pictures,"$709,582,323.00 ",02-May-14
6,The Hobbit: The Battle of the Five Armies,http://resizing.flixster.com/KK-V3xB7CY355XaejcerpzryvDs=/180x267/dkpu1ddg7pbsk.cloudfront.net/movie/11/17/97/11179703_ori.jpg,6.3,7.5,PG-13,144,Warner Bros. / New Line Cinema / MGM,"$955,113,783.00 ",17-Dec-14
7,The Hunger Games: Mockingjay - Part 1,http://resizing.flixster.com/rrb4D1D8S1_ACJFg1qDpd6bY4cQ=/180x270/dkpu1ddg7pbsk.cloudfront.net/movie/11/18/98/11189899_ori.jpg,6.3,6.8,PG-13,123,Lionsgate Films,"$752,100,229.00 ",21-Nov-14
8,Transformers: Age of Extinction,http://resizing.flixster.com/jXWcxIKVUq4G-2vl7aClbKnOXr4=/180x270/dkpu1ddg7pbsk.cloudfront.net/movie/11/18/05/11180556_ori.jpg,3.9,5.8,PG-13,165,Paramount Pictures,"$1,091,404,499.00 ",27-Jun-14
9,X-Men: Days of Future Past,http://resizing.flixster.com/Oi1KcdBv_gG5Xqk84faEkayyX9E=/180x270/dkpu1ddg7pbsk.cloudfront.net/movie/11/18/08/11180875_ori.jpg,7.6,8.1,PG-13,131,20th Century Fox,"$748,121,534.00 ",23-May-14
10,Despicable Me 2,http://resizing.flixster.com/UFoFQEayDyhzauy9wL-1wGTuKJA=/180x257/dkpu1ddg7pbsk.cloudfront.net/movie/11/17/21/11172174_ori.jpg,6.6,7.5,PG,98,Universal / Illumination,"$970,761,885.00 ",03-Jul-13
11,Fast & Furious 6,http://resizing.flixster.com/FsHv4OrR7Fk9IQkc3Jg-Npmypzc=/180x270/dkpu1ddg7pbsk.cloudfront.net/movie/11/17/33/11173373_ori.jpg,6.2,7.2,PG-13,130,Universal,"$788,679,850.00 ",24-May-13
12,Frozen,http://resizing.flixster.com/M3JgYWjuLaOPruIuhLfHA0GwmtY=/180x267/dkpu1ddg7pbsk.cloudfront.net/movie/11/17/35/11173584_ori.jpg,7.7,7.7,PG,102,Walt Disney Pictures,"$1,274,219,009.00 ",27-Nov-13
13,Gravity,http://resizing.flixster.com/5CbtiBSzqVjH_ckRVfzJvs-Ocns=/180x270/dkpu1ddg7pbsk.cloudfront.net/movie/11/17/64/11176450_ori.jpg,9,7.9,PG-13,91,Warner Bros.,"$716,392,705.00 ",04-Oct-13
14,Iron Man 3,http://resizing.flixster.com/M8S0ACxWUYK8FJV9hJwnDGK41ZA=/180x257/dkpu1ddg7pbsk.cloudfront.net/movie/11/17/05/11170594_ori.jpg,7,7.3,PG-13,130,Marvel Studios,"$1,215,439,994.00 ",03-May-13
15,Man of Steel,http://resizing.flixster.com/YdjyBNFfxu1P1f06WcVgadZg8Ow=/180x270/dkpu1ddg7pbsk.cloudfront.net/movie/11/17/42/11174287_ori.jpg,6.2,7.2,PG-13,143,Warner Bros. / Legendary,"$668,045,518.00 ",14-Jun-13
16,Monsters University,http://resizing.flixster.com/68fO9SugBdM8ljYJJ32dYp0bs7Q=/180x257/dkpu1ddg7pbsk.cloudfront.net/movie/11/16/99/11169964_ori.jpg,6.8,7.4,G,104,Walt Disney Pictures / Pixar,"$743,559,607.00 ",21-Jun-13
17,The Hobbit: The Desolation of Smaug,http://resizing.flixster.com/i3zwngMY9umqr8lAJLKAU4aYlAU=/180x270/dkpu1ddg7pbsk.cloudfront.net/movie/11/17/69/11176940_ori.jpg,6.8,8,PG-13,161,Warner Bros. / New Line / MGM,"$960,366,855.00 ",13-Dec-13
18,The Hunger Games: Catching Fire,http://resizing.flixster.com/1a9avHqIjVssHwO097tB_XJMVjs=/180x270/dkpu1ddg7pbsk.cloudfront.net/movie/11/17/64/11176484_ori.jpg,7.5,7.7,PG-13,146,Lionsgate,"$864,912,963.00 ",22-Nov-13
19,Thor: The Dark World,http://resizing.flixster.com/sLeSlSjBR_h2MiaJIA63bgyOeHI=/180x257/dkpu1ddg7pbsk.cloudfront.net/movie/11/17/26/11172694_ori.jpg,6.2,7.1,PG-13,112,Marvel Studios,"$644,783,140.00 ",08-Nov-13
20,Ice Age: Continental Drift,http://resizing.flixster.com/EhgnWr8tKMra_jgh43zALuCZ9Ig=/180x270/dkpu1ddg7pbsk.cloudfront.net/movie/11/17/67/11176781_ori.jpg,5.1,6.7,PG,88,Fox / Blue Sky,"$877,244,782.00 ",13-Jul-12
21,Madagascar 3: Europe's Most Wanted,http://resizing.flixster.com/GMpkHH7EAcYqczhR8C146yEFbMs=/180x270/dkpu1ddg7pbsk.cloudfront.net/movie/11/16/91/11169148_ori.jpg,6.8,7,PG,93,Paramount / DreamWorks,"$746,921,274.00 ",08-Jun-12
22,Men in Black 3,http://resizing.flixster.com/aD0vhqdMHlg0_H5kGKx7lR_1LHU=/180x270/dkpu1ddg7pbsk.cloudfront.net/movie/11/16/80/11168038_ori.jpg,6.1,6.9,PG-13,106,Columbia,"$624,026,776.00 ",25-May-12
23,Skyfall,http://resizing.flixster.com/r-jHJnq7IkHekLIFY6DWq7SzqZ8=/180x270/dkpu1ddg7pbsk.cloudfront.net/movie/11/16/82/11168295_ori.jpg,8.2,7.8,PG-13,143,MGM / Columbia,"$1,108,561,013.00 ",09-Nov-12
24,The Amazing Spider-Man,http://resizing.flixster.com/NPbllUZcrY9PEkGNHGxKBIgFdq8=/180x270/dkpu1ddg7pbsk.cloudfront.net/movie/11/16/74/11167406_ori.jpg,6.7,7.1,PG-13,136,Columbia,"$757,930,663.00 ",03-Jul-12
25,The Avengers,http://resizing.flixster.com/OmSu9IRUNKgrdmyE2uNhf0f0ToE=/180x266/dkpu1ddg7pbsk.cloudfront.net/movie/11/16/38/11163886_ori.jpg,8,8.2,PG-13,143,Marvel Studios,"$1,518,594,910.00 ",04-May-12
26,The Dark Knight Rises,http://resizing.flixster.com/_7NLUQGoKyQuOq7uhhARpzeku04=/180x270/dkpu1ddg7pbsk.cloudfront.net/movie/11/16/78/11167835_ori.jpg,8,8.5,PG-13,165,Warner Bros. / Legendary,"$1,084,439,099.00 ",20-Jul-12
27,The Hobbit: An Unexpected Journey,http://resizing.flixster.com/vUOEhpcoaWV4JU5YM2dnlgTRyFo=/180x270/dkpu1ddg7pbsk.cloudfront.net/movie/11/17/02/11170263_ori.jpg,6.6,8,PG-13,169,Warner Bros. / MGM / New Line,"$1,017,003,568.00 ",14-Dec-12
28,The Hunger Games,http://resizing.flixster.com/ojHrfHgQ7Z6zwJ9O0GlmvI_Y-6Y=/180x270/dkpu1ddg7pbsk.cloudfront.net/movie/11/17/36/11173667_ori.jpg,7.2,7.3,PG-13,142,Lionsgate,"$691,247,768.00 ",23-Mar-12
29,The Twilight Saga: Breaking Dawn - Part 2,http://resizing.flixster.com/9zWAe7c1MPnVtaic66WXWomIkmI=/179x257/dkpu1ddg7pbsk.cloudfront.net/movie/11/16/93/11169337_ori.jpg,5.2,5.6,PG-13,115,Lionsgate / Summit,"$829,685,377.00 ",16-Nov-12
30,Cars 2,http://resizing.flixster.com/2EEq8Qjx4aMkNdwlLypKTtnT1X4=/180x267/dkpu1ddg7pbsk.cloudfront.net/movie/11/15/64/11156447_ori.jpg,5.5,6.3,G,106,Walt Disney Pictures / Pixar,"$559,852,396.00 ",24-Jun-11
31,Fast Five,http://resizing.flixster.com/PzlJtyZZ_remAtYbrQ2_9t64B6k=/180x270/dkpu1ddg7pbsk.cloudfront.net/movie/11/17/30/11173000_ori.jpg,6.4,7.3,PG-13,131,Universal,"$626,137,675.00 ",29-Apr-11
32,Harry Potter and the Deathly Hallows - Part 2,http://resizing.flixster.com/jfPLvubmRh830uyxPTHQ1-hgj9I=/180x270/dkpu1ddg7pbsk.cloudfront.net/movie/11/16/36/11163675_ori.jpg,8.3,8.1,PG-13,130,Warner Bros.,"$1,341,511,219.00 ",15-Jul-11
33,Kung Fu Panda 2,http://resizing.flixster.com/dJ62KC8VCmLwVq0045kP0a0RvEE=/173x270/dkpu1ddg7pbsk.cloudfront.net/movie/11/15/66/11156693_ori.jpg,6.9,7.3,PG,91,Paramount / DreamWorks,"$665,692,281.00 ",26-May-11
34,Mission: Impossible - Ghost Protocol,http://resizing.flixster.com/mkSB3etRkGB2js2wVcXWHBFXcag=/180x270/dkpu1ddg7pbsk.cloudfront.net/movie/11/16/91/11169152_ori.jpg,7.7,7.4,PG-13,133,Paramount,"$694,713,380.00 ",21-Dec-11
35,Pirates of the Caribbean: On Stranger Tides,http://resizing.flixster.com/ucRrnQabHP8_IXOYKx55D8YB_oU=/180x267/dkpu1ddg7pbsk.cloudfront.net/movie/11/15/67/11156760_ori.jpg,5.1,6.7,PG-13,136,Walt Disney Pictures,"$1,045,713,802.00 ",20-May-11
36,The Hangover Part II,http://resizing.flixster.com/lOJRA6ho5TdqrP7tETMQp5vnFsM=/180x270/dkpu1ddg7pbsk.cloudfront.net/movie/11/16/36/11163671_ori.jpg,5,6.5,R,102,Warner Bros.,"$586,764,305.00 ",26-May-11
37,The Smurfs,http://resizing.flixster.com/s5fZNIM3cQjt9AM6y_VC3jt1syc=/180x270/dkpu1ddg7pbsk.cloudfront.net/movie/11/16/36/11163657_ori.jpg,4,5.5,PG,103,Columbia / Sony Pictures,"$563,749,323.00 ",29-Jul-11
38,The Twilight Saga: Breaking Dawn - Part 1,http://resizing.flixster.com/l1HT4QSzRvdN4bcF0dsEpo3ywug=/179x257/dkpu1ddg7pbsk.cloudfront.net/movie/11/16/93/11169336_ori.jpg,0,4.9,PG-13,117,Summit,"$712,171,856.00 ",18-Nov-11
39,Transformers: Dark of the Moon,http://resizing.flixster.com/SnAb2Xw6Wp8we8btiHQkf8xanHc=/180x270/dkpu1ddg7pbsk.cloudfront.net/movie/11/16/91/11169150_ori.jpg,4.9,6.3,PG-13,154,Paramount,"$1,123,794,079.00 ",29-Jun-11
40,Alice in Wonderland,http://resizing.flixster.com/Keg-ch93mJuhBIB3t7zgFAf2N_c=/180x266/dkpu1ddg7pbsk.cloudfront.net/movie/10/93/73/10937308_ori.jpg,5.7,6.5,PG,108,Walt Disney Pictures,"$1,025,467,110.00 ",05-Mar-10
41,Despicable Me,http://resizing.flixster.com/VoG3m3OewOKv5t1EQbX-kwLFuAY=/180x270/dkpu1ddg7pbsk.cloudfront.net/movie/11/16/88/11168864_ori.jpg,6.8,7.7,PG,95,Universal / Illumination,"$543,113,985.00 ",09-Jul-10
42,Harry Potter and the Deathly Hallows - Part 1,http://resizing.flixster.com/VRBPaLlcQQjBaaobjVvpTavdEso=/180x270/dkpu1ddg7pbsk.cloudfront.net/movie/11/16/36/11163674_ori.jpg,7.1,7.7,PG-13,146,Warner Bros.,"$960,283,305.00 ",19-Nov-10
43,How to Train Your Dragon,http://resizing.flixster.com/kSxnnx5oPhqDlOnvpGUQXpVoAsA=/180x270/dkpu1ddg7pbsk.cloudfront.net/movie/11/17/66/11176619_ori.jpg,7.9,8.2,PG,98,Paramount / DreamWorks,"$494,878,759.00 ",26-Mar-10
44,Inception,http://resizing.flixster.com/THwVJ6BnMSZz1ygWPdIEok_wVhA=/180x270/dkpu1ddg7pbsk.cloudfront.net/movie/11/16/67/11166725_ori.jpg,8,8.8,PG-13,148,Warner Bros. / Legendary,"$825,531,030.00 ",16-Jul-10
45,Iron Man 2,http://resizing.flixster.com/-39Qh0s24nsZP81IZAbL774F6HA=/180x267/dkpu1ddg7pbsk.cloudfront.net/movie/11/12/20/11122085_ori.jpg,6.5,7.1,PG-13,124,Paramount / Marvel,"$623,933,331.00 ",07-May-10
46,Shrek Forever After,http://resizing.flixster.com/uEi0yf7uXt-KtUdkF-AGY9smjp0=/180x267/dkpu1ddg7pbsk.cloudfront.net/movie/11/12/76/11127605_ori.jpg,5.9,6.4,PG,93,Paramount / DreamWorks,"$752,600,867.00 ",21-May-10
47,Tangled,http://resizing.flixster.com/UuaLvR-fxpgmESPegJcY0F2XJ-c=/180x267/dkpu1ddg7pbsk.cloudfront.net/movie/11/15/80/11158038_ori.png,7.5,7.8,PG,100,Disney,"$591,794,936.00 ",24-Nov-10
48,The Twilight Saga: Eclipse,http://resizing.flixster.com/caDfqgfBgZUEr0xairY8kwWQHGw=/180x270/dkpu1ddg7pbsk.cloudfront.net/movie/11/17/43/11174382_ori.jpg,5.4,4.9,PG-13,124,Summit Entertainment,"$698,491,347.00 ",30-Jun-10
49,Toy Story 3,http://resizing.flixster.com/Tv9f7mIJrCc--JvPXl60rMI3Pkw=/180x266/dkpu1ddg7pbsk.cloudfront.net/movie/11/13/43/11134356_ori.jpg,8.9,8.4,G,103,Walt Disney Pictures / Pixar,"$1,063,171,911.00 ",18-Jun-10
50,2012,http://resizing.flixster.com/z_2ln7vpS1fHYrvEZAcr9bYztSI=/180x266/dkpu1ddg7pbsk.cloudfront.net/movie/10/95/34/10953481_ori.jpg,5,5.8,PG-13,158,Columbia,"$769,304,749.00 ",13-Nov-09
51,Angels & Demons,http://resizing.flixster.com/0foscMemcena5-qSG3LfkWNmNmE=/180x270/dkpu1ddg7pbsk.cloudfront.net/movie/11/17/10/11171070_ori.jpg,5.1,6.7,PG-13,138,Columbia / Imagine,"$485,930,816.00 ",12-Dec-80
52,Avatar,http://resizing.flixster.com/OPDpDBP1P_qiiOjKOW9042R4R3g=/180x270/dkpu1ddg7pbsk.cloudfront.net/movie/11/17/67/11176792_ori.jpg,7.4,7.9,PG-13,162,Fox,"$2,749,064,328.00 ",18-Dec-09
53,Harry Potter and the Half-Blood Prince,http://resizing.flixster.com/5jRb-4cS1AXhTEYE-wQ3wpHlZHY=/180x270/dkpu1ddg7pbsk.cloudfront.net/movie/11/16/39/11163943_ori.jpg,7.2,7.5,PG,153,Warner Bros.,"$934,416,487.00 ",15-Jul-09
54,Ice Age: Dawn of the Dinosaurs,http://resizing.flixster.com/ee9qtz-r1W0A5tmu-Q1vSj1AxvA=/180x262/dkpu1ddg7pbsk.cloudfront.net/movie/10/93/89/10938903_ori.jpg,5.4,7,PG,94,Fox / Blue Sky,"$886,686,817.00 ",01-Jul-09
55,Sherlock Holmes,http://resizing.flixster.com/t90NXGvHd_JXdRtTgD2BA8WPQKM=/180x270/dkpu1ddg7pbsk.cloudfront.net/movie/11/16/67/11166728_ori.jpg,6.2,7.6,PG-13,128,Warner Bros.,"$524,028,679.00 ",25-Dec-09
56,The Hangover,http://resizing.flixster.com/F3uvNtnigwJMOXpuCgMttqWBU14=/180x270/dkpu1ddg7pbsk.cloudfront.net/movie/11/16/67/11166717_ori.jpg,6.8,7.8,R,100,Warner Bros. / Legendary,"$467,483,912.00 ",05-Jun-09
57,The Twilight Saga: New Moon,http://resizing.flixster.com/1fiLyMqNvE2Ggu52KZf7-3We8ak=/180x270/dkpu1ddg7pbsk.cloudfront.net/movie/11/17/44/11174487_ori.jpg,4.7,4.6,PG-13,130,Summit,"$709,827,462.00 ",20-Nov-09
58,Transformers: Revenge of the Fallen,http://resizing.flixster.com/oNcE9YJ500YHi2_2wGnclRTcyd8=/180x270/dkpu1ddg7pbsk.cloudfront.net/movie/11/17/66/11176669_ori.jpg,3.9,6,PG-13,150,Paramount / DreamWorks,"$836,303,693.00 ",24-Jun-09
59,Up,http://resizing.flixster.com/rqDzFEQ7SZfbZ_sFTjlbOufZRWw=/180x267/dkpu1ddg7pbsk.cloudfront.net/movie/10/89/43/10894361_ori.jpg,8.7,8.3,PG,96,Disney / Pixar,"$731,342,744.00 ",29-May-09
60,Hancock,http://resizing.flixster.com/pZEMKqMe1dRkWRkxtAI8aFv7wac=/180x270/dkpu1ddg7pbsk.cloudfront.net/movie/11/17/67/11176707_ori.jpg,5.4,6.5,PG-13,92,Columbia,"$624,386,746.00 ",02-Jul-08
61,Indiana Jones and the Kingdom of the Crystal Skull,http://resizing.flixster.com/qzgCz6mYia28SvhY2MKKYr1A8eA=/180x267/dkpu1ddg7pbsk.cloudfront.net/movie/10/86/88/10868884_ori.jpg,6.9,6.2,PG-13,122,Paramount / Lucasfilm,"$786,636,033.00 ",22-May-08
62,Iron Man,http://resizing.flixster.com/cXKTN6mCA8-ig98jkg7RVBhnMv4=/180x266/dkpu1ddg7pbsk.cloudfront.net/movie/10/93/35/10933541_ori.jpg,7.6,7.9,PG-13,126,Paramount / Marvel Studios,"$585,174,222.00 ",02-May-08
63,Kung Fu Panda,http://resizing.flixster.com/Xx3Kv2GPxvCvWWGe_BjJCd6mq3w=/180x270/dkpu1ddg7pbsk.cloudfront.net/movie/11/17/78/11177843_ori.jpg,7.2,7.6,PG,92,Paramount / DreamWorks,"$631,744,560.00 ",06-Jun-08
64,Madagascar: Escape 2 Africa,http://resizing.flixster.com/8qu9PY5y1_Vy98M35ZAVSoLceOM=/180x266/dkpu1ddg7pbsk.cloudfront.net/movie/10/84/92/10849221_ori.jpg,5.9,6.7,PG,89,Paramount / DreamWorks,"$603,900,354.00 ",07-Nov-08
65,Mamma Mia!,http://resizing.flixster.com/-1n0hNCTG4FcJyeGOFqK3yktLk0=/180x270/dkpu1ddg7pbsk.cloudfront.net/movie/11/17/19/11171949_ori.jpg,5.5,6.4,PG-13,108,Universal,"$609,827,661.00 ",18-Jul-08
66,Quantum of Solace,http://resizing.flixster.com/dmf-4VeDXkWOnVqcZgwmDL6ZRDM=/180x267/dkpu1ddg7pbsk.cloudfront.net/movie/10/86/77/10867703_ori.jpg,6.1,6.7,PG-13,106,MGM / Columbia,"$586,090,727.00 ",14-Nov-08
67,The Chronicles of Narnia: Prince Caspian,http://resizing.flixster.com/0p446SDsCxtLqOzHPuQNS1dxZQE=/180x268/dkpu1ddg7pbsk.cloudfront.net/movie/11/12/92/11129292_ori.jpg,6.3,6.6,PG,150,Disney / Walden Media,"$419,665,568.00 ",16-May-08
68,The Dark Knight,http://resizing.flixster.com/csINXh6bBY_YMax7pD2fFGtGDjQ=/180x270/dkpu1ddg7pbsk.cloudfront.net/movie/11/16/51/11165160_ori.jpg,8.6,9,PG-13,152,Warner Bros. / Legendary,"$997,000,000.00 ",18-Jul-08
69,WALL-E,http://resizing.flixster.com/zWzdOF4aj3aZlB3vX7BlUQ3PbSk=/180x267/dkpu1ddg7pbsk.cloudfront.net/movie/10/93/09/10930953_ori.jpg,8.5,8.4,G,98,Disney / Pixar,"$521,311,860.00 ",27-Jun-08
70,300,http://resizing.flixster.com/MqZzDrxTe4GO7kHb2bo-16W9Wo8=/180x270/dkpu1ddg7pbsk.cloudfront.net/movie/11/16/67/11166714_ori.jpg,6.1,7.8,R,117,Warner Bros. / Legendary,"$456,068,181.00 ",09-Mar-07
71,Harry Potter and the Order of the Phoenix,http://resizing.flixster.com/O5pmr1P4sAe4L0G6SUFYlLGiKec=/180x270/dkpu1ddg7pbsk.cloudfront.net/movie/11/16/88/11168876_ori.jpg,6.9,7.4,PG-13,138,Warner Bros.,"$939,885,929.00 ",11-Jul-07
72,I Am Legend,http://resizing.flixster.com/-P1B68zFT7N17v-6cy5Bep7DU3A=/180x270/dkpu1ddg7pbsk.cloudfront.net/movie/11/16/67/11166780_ori.jpg,6.4,7.2,PG-13,101,Warner Bros.,"$585,349,010.00 ",14-Dec-07
73,National Treasure: Book of Secrets,http://resizing.flixster.com/MDARF9TZB345ZZGLsmNCi0SoReI=/180x268/dkpu1ddg7pbsk.cloudfront.net/movie/10/10/43/10104317_ori.jpg,4.8,6.5,PG,124,Disney,"$457,364,600.00 ",21-Dec-07
74,Pirates of the Caribbean: At World's End,http://resizing.flixster.com/M2Ku83KAglImISwK7qTuXAgQtWo=/180x252/dkpu1ddg7pbsk.cloudfront.net/movie/10/95/55/10955508_ori.jpg,5.5,7.1,PG-13,169,Disney,"$963,420,425.00 ",25-May-07
75,Ratatouille,http://resizing.flixster.com/8S8STXVMHBpUANLhLeLbVcdo0QY=/180x266/dkpu1ddg7pbsk.cloudfront.net/movie/41/60/98/4160984_ori.jpg,8.5,8,G,111,Disney / Pixar,"$623,707,397.00 ",29-Jun-07
76,Shrek the Third,http://resizing.flixster.com/7T7Mf9iNihk3sOMASXbEg5Hnd2Q=/180x268/dkpu1ddg7pbsk.cloudfront.net/movie/59/86/40/5986403_ori.jpg,5.4,6.1,PG,93,DreamWorks / Paramount,"$798,958,162.00 ",18-May-07
77,Spider-Man 3,http://resizing.flixster.com/QeTUzkp6yGhLMqZRwZ4ygqobQl0=/180x270/dkpu1ddg7pbsk.cloudfront.net/movie/11/16/52/11165292_ori.jpg,6.2,6.2,PG-13,139,Columbia,"$890,871,626.00 ",04-May-07
78,The Simpsons Movie,http://resizing.flixster.com/Vj9BYtnUOcPSdQRrFT8aeJqpinI=/180x265/dkpu1ddg7pbsk.cloudfront.net/movie/10/84/37/10843725_ori.jpg,7.6,7.4,PG-13,87,Fox,"$527,071,022.00 ",27-Jul-07
79,Transformers,http://resizing.flixster.com/JZvkeqWLNeqakvkeY4aTklBQV1o=/180x270/dkpu1ddg7pbsk.cloudfront.net/movie/11/16/97/11169794_ori.jpg,5.8,7.2,PG-13,144,DreamWorks / Paramount,"$709,709,780.00 ",03-Jul-07
80,Cars,http://resizing.flixster.com/LVmmDUeCVlq9gYapYjWXBo7jbY4=/180x269/dkpu1ddg7pbsk.cloudfront.net/movie/10/92/20/10922005_ori.jpg,6.9,7.2,G,117,Disney / Pixar,"$461,983,149.00 ",09-Jun-06
81,Casino Royale,http://resizing.flixster.com/nVwVWCdXtCU2QjoiYNi_3CNFGOw=/180x268/dkpu1ddg7pbsk.cloudfront.net/movie/11/12/81/11128111_ori.jpg,7.8,8,PG-13,144,MGM / Columbia,"$599,045,960.00 ",17-Nov-06
82,Happy Feet,http://resizing.flixster.com/bCM1HcCJyha7Woh-txAHhyjEDqo=/180x270/dkpu1ddg7pbsk.cloudfront.net/movie/11/16/67/11166724_ori.jpg,6.9,6.5,PG,108,Warner Bros.,"$384,335,608.00 ",17-Nov-06
83,Ice Age: The Meltdown,http://resizing.flixster.com/8JL-X7PSHtVrLJV3m9vmwFY1Wq4=/180x270/dkpu1ddg7pbsk.cloudfront.net/movie/34/60/10/3460109_ori.jpg,6.1,6.9,PG,91,Fox / Blue Sky,"$660,940,780.00 ",31-Mar-06
84,Mission: Impossible III,http://resizing.flixster.com/2KYbFrx6KYIzP0Bp_-g7zYjBADk=/180x270/dkpu1ddg7pbsk.cloudfront.net/movie/11/16/97/11169790_ori.jpg,6.6,6.8,PG-13,126,Paramount,"$397,850,012.00 ",05-May-06
85,Night at the Museum,http://resizing.flixster.com/YUQIBUn5Xp1WT1dWCZiAofYtYuY=/180x270/dkpu1ddg7pbsk.cloudfront.net/movie/11/18/11/11181144_ori.jpg,5.3,6.4,PG,108,Fox,"$574,480,052.00 ",22-Dec-06
86,Pirates of the Caribbean: Dead Man's Chest,http://resizing.flixster.com/qk6YXbPRzxZNFCv29_ayCEa6mBY=/180x267/dkpu1ddg7pbsk.cloudfront.net/movie/78/63/786362_ori.jpg,6,7.3,PG-13,151,Disney,"$1,066,179,725.00 ",07-Jul-06
87,Superman Returns,http://resizing.flixster.com/jxYV0tzA4f2_BD9lSeOHw56i-64=/180x267/dkpu1ddg7pbsk.cloudfront.net/movie/45/20/452092_ori.jpg,7,6.1,PG-13,154,Warner Bros. / Village Roadshow,"$391,081,192.00 ",28-Jun-06
88,The Da Vinci Code,http://resizing.flixster.com/QmcEmsrcgbQ1n3RYy-ONqsrHI6I=/180x268/dkpu1ddg7pbsk.cloudfront.net/movie/31/42/314213_ori.jpg,4.8,6.5,PG-13,149,Columbia,"$758,239,851.00 ",19-May-06
89,X-Men: The Last Stand,http://resizing.flixster.com/g-qQMJ4MG4TGyU2mvktQXhvNp3k=/180x270/dkpu1ddg7pbsk.cloudfront.net/movie/11/17/74/11177483_ori.jpg,5.9,6.8,PG-13,104,Fox,"$459,359,555.00 ",26-May-06
90,Batman Begins,http://resizing.flixster.com/fg1Y49hq1wUyVH-VdqeAksXVM4A=/180x270/dkpu1ddg7pbsk.cloudfront.net/movie/11/16/52/11165262_ori.jpg,7.7,8.3,PG-13,140,Warner Bros / Legendary,"$372,710,015.00 ",15-Jun-05
91,Charlie and the Chocolate Factory,http://resizing.flixster.com/1_QYLOL1hIXTD3z7ujcYi8zcqzs=/180x270/dkpu1ddg7pbsk.cloudfront.net/movie/11/17/64/11176489_ori.jpg,7.2,6.7,PG,115,Warner Bros,"$474,968,763.00 ",15-Jul-05
92,Harry Potter and the Goblet of Fire,http://resizing.flixster.com/Z-LFUFCKP2jWIiji0Lr_HI2FJmI=/180x270/dkpu1ddg7pbsk.cloudfront.net/movie/11/16/88/11168873_ori.jpg,7.5,7.6,PG-13,157,Warner Bros.,"$895,921,036.00 ",18-Nov-05
93,Hitch,http://resizing.flixster.com/ysVT2wYRZOaSFeoimUqCsyWeN2M=/180x262/dkpu1ddg7pbsk.cloudfront.net/movie/16/90/56/1690569_ori.jpg,6.3,6.7,PG-13,118,Columbia,"$368,100,420.00 ",11-Feb-05
94,King Kong,http://resizing.flixster.com/QoPcsIL-O00p3YYGQbbo4zfkLLQ=/180x270/dkpu1ddg7pbsk.cloudfront.net/movie/11/16/88/11168882_ori.jpg,7.7,7.3,PG-13,187,Universal,"$550,517,357.00 ",14-Dec-05
95,Madagascar,http://resizing.flixster.com/oKyYx8tO-5UYR3hmsx0kbzZ4Nl8=/180x267/dkpu1ddg7pbsk.cloudfront.net/movie/24/97/249793_ori.jpg,6.1,6.9,PG,86,DreamWorks,"$532,680,671.00 ",27-May-05
96,Mr. & Mrs. Smith,http://resizing.flixster.com/65JisMaXM3YsP04ToywirE5Cc1s=/180x270/dkpu1ddg7pbsk.cloudfront.net/movie/11/18/91/11189190_ori.jpg,6,6.5,PG-13,120,20th Century Fox,"$478,207,520.00 ",10-Jun-05
97,Star Wars Episode III: Revenge of the Sith,http://resizing.flixster.com/wjhvha9b71ws51OXc6e1MYuAC48=/110x150/dkpu1ddg7pbsk.cloudfront.net/movie/10/94/47/10944718_ori.jpg,7.2,7.7,PG-13,140,20th Century Fox / Lucasfilm,"$848,754,768.00 ",19-May-05
98,"The Chronicles of Narnia: The Lion, the Witch and the Wardrobe",http://resizing.flixster.com/aeZ5-j-beDNOTPPM0_gbTX0KAbw=/180x266/dkpu1ddg7pbsk.cloudfront.net/movie/10/91/87/10918786_ori.jpg,6.9,6.9,PG,143,Disney,"$745,011,272.00 ",09-Dec-05
99,War of the Worlds,http://resizing.flixster.com/fWrTEymRYs82GDjb49Zh7K8d6q8=/180x270/dkpu1ddg7pbsk.cloudfront.net/movie/11/18/94/11189471_ori.jpg,7,6.5,PG-13,116,Paramount / DreamWorks,"$591,745,540.00 ",29-Jun-05
100,Harry Potter and the Prisoner of Azkaban,http://resizing.flixster.com/gUZOBF-TrffCG3MellSKNTfZLfc=/180x270/dkpu1ddg7pbsk.cloudfront.net/movie/11/16/88/11168872_ori.jpg,7.9,7.8,PG,142,Warner Bros.,"$795,634,069.00 ",04-Jun-04
101,Meet the Fockers,http://resizing.flixster.com/yDvx31ULUwbQMpHmITBC8DvGEm4=/180x266/dkpu1ddg7pbsk.cloudfront.net/movie/10/86/10/10861012_ori.jpg,5.2,6.3,PG-13,115,Universal / DreamWorks,"$516,642,939.00 ",22-Dec-04
102,Ocean's Twelve,http://resizing.flixster.com/mm6hyAeaEFAl07m0HE3w7AMvgBw=/180x270/dkpu1ddg7pbsk.cloudfront.net/movie/11/17/39/11173930_ori.jpg,5.9,6.4,PG-13,125,Warner Bros.,"$362,744,280.00 ",10-Dec-04
103,Shark Tale,http://resizing.flixster.com/LBMRJueU_GtIVb_ZmkS5YcQPd4o=/180x266/dkpu1ddg7pbsk.cloudfront.net/movie/55/34/93/5534930_ori.jpg,5.2,6,PG,90,DreamWorks,"$367,275,019.00 ",01-Oct-04
104,Shrek 2,http://resizing.flixster.com/Vt--2C7r7DDEyOVV_SDpXxkml38=/180x251/dkpu1ddg7pbsk.cloudfront.net/movie/25/37/253795_ori.jpg,7.7,7.2,PG,93,DreamWorks,"$919,838,758.00 ",19-May-04
105,Spider-Man 2,http://resizing.flixster.com/PU_rcPMHMhkuRGR-QPgmNnb60gE=/180x270/dkpu1ddg7pbsk.cloudfront.net/movie/11/16/52/11165291_ori.jpg,8.3,7.3,PG-13,127,Columbia,"$783,766,341.00 ",30-Jun-04
106,The Day After Tomorrow,http://resizing.flixster.com/cZDf0sYKmn_QfbQ1kVGJOCou9fw=/180x251/dkpu1ddg7pbsk.cloudfront.net/movie/25/43/254313_ori.jpg,5.3,6.4,PG-13,124,Fox,"$544,272,402.00 ",28-May-04
107,The Incredibles,http://resizing.flixster.com/h0n53xP_v-81NZP1OdE2kMkR0ck=/180x266/dkpu1ddg7pbsk.cloudfront.net/movie/10/93/90/10939047_ori.jpg,8.3,8,PG,115,Disney / Pixar,"$631,442,092.00 ",05-Nov-04
108,The Passion of the Christ,http://resizing.flixster.com/tcQ9GFNN3Wau-9s4I1hatH18lyA=/180x267/dkpu1ddg7pbsk.cloudfront.net/movie/11/13/50/11135040_ori.jpg,5.9,7.1,R,127,Icon / Newmarket,"$611,899,420.00 ",25-Feb-04
109,Troy,http://resizing.flixster.com/EyEd2IN7-3dA2j5NXy7_8wuCFaw=/180x270/dkpu1ddg7pbsk.cloudfront.net/movie/11/16/67/11166733_ori.jpg,6,7.2,R,163,Warner Bros.,"$497,409,852.00 ",14-May-04
110,Bad Boys II,http://resizing.flixster.com/uEAAP_eXXw44sXo97rQpKX8_Mxs=/180x262/dkpu1ddg7pbsk.cloudfront.net/movie/11/14/67/11146748_ori.jpg,4.1,6.5,R,147,Columbia,"$273,339,556.00 ",18-Jul-03
111,Bruce Almighty,http://resizing.flixster.com/Y12rTWfm-gLX5oOVC5-O0SbXOA4=/180x270/dkpu1ddg7pbsk.cloudfront.net/movie/11/17/65/11176524_ori.jpg,5.6,6.7,PG-13,101,Universal,"$484,592,874.00 ",23-May-03
112,Finding Nemo,http://resizing.flixster.com/L5mJPRUyA5797vXg9oelqZ7jGMA=/180x261/dkpu1ddg7pbsk.cloudfront.net/movie/10/84/19/10841916_ori.jpg,8.6,8.2,G,100,Disney / Pixar,"$867,893,978.00 ",30-May-03
113,Pirates of the Caribbean: The Curse of the Black Pearl,http://resizing.flixster.com/0NAlr-uIRVD-casXObKDtl_wqxU=/180x268/dkpu1ddg7pbsk.cloudfront.net/movie/11/15/76/11157635_ori.jpg,7.1,8.1,PG-13,143,Disney,"$654,264,015.00 ",09-Jul-03
114,Terminator 3: Rise of the Machines,http://resizing.flixster.com/6xMGzkUb2v1SkTNunEJHF6lzlG0=/110x150/dkpu1ddg7pbsk.cloudfront.net/movie/10/94/47/10944773_ori.jpg,6.6,6.4,R,109,Warner Bros. / Columbia,"$433,371,112.00 ",02-Jul-03
115,The Last Samurai,http://resizing.flixster.com/BIJnnVuqUV-FDHiYjNPg0n7Gd0E=/180x270/dkpu1ddg7pbsk.cloudfront.net/movie/11/16/68/11166861_ori.jpg,6.4,7.7,R,154,Warner Bros.,"$456,758,981.00 ",05-Dec-03
116,The Lord of the Rings: The Return of the King,http://resizing.flixster.com/fhym2r2SVtuOpznC0wdmP5QPUfo=/180x270/dkpu1ddg7pbsk.cloudfront.net/movie/11/16/64/11166423_ori.jpg,8.7,8.9,PG-13,201,New Line,"$1,119,929,521.00 ",17-Dec-03
117,The Matrix Reloaded,http://resizing.flixster.com/g0k3LxainE8qySe4Nwb1Y-KNDT4=/180x270/dkpu1ddg7pbsk.cloudfront.net/movie/11/16/96/11169699_ori.jpg,6.8,7.2,R,138,Warner Bros.,"$742,128,461.00 ",15-May-03
118,The Matrix Revolutions,http://resizing.flixster.com/Ics-y7GKZlTay_Ag-6o6ofVK93A=/180x270/dkpu1ddg7pbsk.cloudfront.net/movie/11/17/64/11176473_ori.jpg,5.3,6.7,R,129,Warner Bros.,"$427,343,298.00 ",05-Nov-03
119,X2,http://resizing.flixster.com/pEUBXjAa_XLWWxFhQUXtbFF8Z6c=/180x270/dkpu1ddg7pbsk.cloudfront.net/movie/11/17/74/11177479_ori.jpg,7.4,7.5,PG-13,134,Fox,"$407,711,549.00 ",02-May-03
120,Die Another Day,http://resizing.flixster.com/r8WQfeCkLuFl2EtUnpdPsTGdYck=/180x269/dkpu1ddg7pbsk.cloudfront.net/movie/10/93/34/10933478_ori.jpg,6.1,6.1,PG-13,133,MGM,"$431,971,116.00 ",22-Nov-02
121,Harry Potter and the Chamber of Secrets,http://resizing.flixster.com/2HoVSGA2nXBuTgBZQ4czXiAUMqQ=/180x270/dkpu1ddg7pbsk.cloudfront.net/movie/11/16/87/11168797_ori.jpg,7.2,7.3,PG,161,Warner Bros.,"$878,643,482.00 ",15-Nov-02
122,Ice Age,http://resizing.flixster.com/G2PNS_GykbZtx_u_kQgBFuVkqFE=/180x265/dkpu1ddg7pbsk.cloudfront.net/movie/10/93/89/10938906_ori.jpg,6.8,7.6,PG,81,20th Century Fox / Blue Sky,"$383,257,136.00 ",15-Mar-02
123,Men in Black II,http://resizing.flixster.com/cw5WyryG2pkW2RHN5BVlcMOze3g=/180x270/dkpu1ddg7pbsk.cloudfront.net/movie/11/16/45/11164554_ori.jpg,5.2,6,PG-13,88,Columbia,"$441,818,803.00 ",03-Jul-02
124,Minority Report,http://resizing.flixster.com/_wXSfzgg6NXtV4-wqqZPxd-iP6Y=/180x270/dkpu1ddg7pbsk.cloudfront.net/movie/11/17/03/11170343_ori.jpg,8.1,7.7,PG-13,145,DreamWorks / 20th Century Fox,"$358,372,926.00 ",21-Jun-02
125,My Big Fat Greek Wedding,http://resizing.flixster.com/ysPR9u4_W1E2WdssB9N2PhfQw50=/180x270/dkpu1ddg7pbsk.cloudfront.net/movie/11/16/72/11167225_ori.jpg,6.7,6.6,PG,95,IFC Films,"$368,744,044.00 ",02-Aug-02
126,Signs,http://resizing.flixster.com/cyLfP1xi9FRaJZSBoQ-XLFojhiM=/180x268/dkpu1ddg7pbsk.cloudfront.net/movie/10/89/48/10894808_ori.jpg,6.8,6.7,PG-13,106,Touchstone,"$408,247,917.00 ",02-Aug-02
127,Spider-Man,http://resizing.flixster.com/aGon_QjcY9fsPsUsmVE39DC_ubw=/180x270/dkpu1ddg7pbsk.cloudfront.net/movie/11/16/52/11165293_ori.jpg,7.6,7.3,PG-13,121,Columbia / Marvel,"$821,708,551.00 ",03-May-02
128,Star Wars Episode II: Attack of the Clones,http://resizing.flixster.com/A47EQAAO1SHIIvN5HrkKfhAGpQk=/180x239/dkpu1ddg7pbsk.cloudfront.net/movie/10/94/47/10944721_ori.jpg,6.6,6.7,PG,142,20th Century Fox / Lucasfilm,"$649,398,328.00 ",16-May-02
129,The Lord of the Rings: The Two Towers,http://resizing.flixster.com/kcGR9q0SXRr1oA8G6-nkYDshGGU=/180x270/dkpu1ddg7pbsk.cloudfront.net/movie/11/16/64/11166421_ori.jpg,8.5,8.7,PG-13,179,New Line Cinema,"$926,287,400.00 ",18-Dec-02
130,Hannibal,http://resizing.flixster.com/7-lmH9v6jwoPfuJVAIW_YksScrE=/180x263/dkpu1ddg7pbsk.cloudfront.net/movie/10/93/72/10937237_ori.jpg,5.1,6.7,R,131,MGM / Universal,"$351,692,268.00 ",09-Feb-01
131,Harry Potter and the Sorcerer's Stone,http://resizing.flixster.com/707enQVAvKKChUtNa2LlkpjbRts=/180x270/dkpu1ddg7pbsk.cloudfront.net/movie/11/17/36/11173610_ori.jpg,7.1,7.5,PG,152,Warner Bros.,"$974,733,550.00 ",16-Nov-01
132,Jurassic Park III,http://resizing.flixster.com/05xnBp8MTXrAFuI8u5mLin1TGQ8=/180x270/dkpu1ddg7pbsk.cloudfront.net/movie/11/16/88/11168887_ori.jpg,5.2,5.9,PG-13,92,Universal,"$368,780,809.00 ",18-Jul-01
133,"Monsters, Inc.",http://resizing.flixster.com/_5J1AMkrOq_CE-En_0dvf2zqD4c=/180x267/dkpu1ddg7pbsk.cloudfront.net/movie/11/16/65/11166524_ori.jpg,8,8.1,G,92,Disney / Pixar,"$525,366,597.00 ",02-Nov-01
134,Ocean's Eleven,http://resizing.flixster.com/vdQasulealc0hBd6lH3JkC8u_CM=/180x270/dkpu1ddg7pbsk.cloudfront.net/movie/11/17/27/11172746_ori.jpg,6.9,7.8,PG-13,116,Warner Bros,"$450,717,150.00 ",07-Dec-01
135,Pearl Harbor,http://resizing.flixster.com/SwQ-D3N0_F_IipgA6PV8P4kbETU=/180x259/dkpu1ddg7pbsk.cloudfront.net/movie/31/29/312925_ori.jpg,4.6,6,PG-13,183,Touchstone,"$449,220,945.00 ",25-May-01
136,Planet of the Apes,http://resizing.flixster.com/9081NkYAHXHF4iI9h6sFD6CAQfs=/179x257/dkpu1ddg7pbsk.cloudfront.net/movie/11/16/44/11164477_ori.jpg,5.5,5.7,PG-13,119,20th Century Fox,"$362,211,740.00 ",27-Jul-01
137,Shrek,http://resizing.flixster.com/nr4OyhYALCM7lB_d_923lFEIpfk=/173x270/dkpu1ddg7pbsk.cloudfront.net/movie/25/44/254400_ori.jpg,7.7,7.9,PG,90,DreamWorks,"$484,409,218.00 ",18-May-01
138,The Lord of the Rings: The Fellowship of the Ring,http://resizing.flixster.com/GfBu7mY7UHKd_6TelkAxG0TPgko=/180x270/dkpu1ddg7pbsk.cloudfront.net/movie/11/16/64/11166420_ori.jpg,8.2,8.8,PG-13,178,New Line Cinema,"$870,761,744.00 ",19-Dec-01
139,The Mummy Returns,http://resizing.flixster.com/UGjywlM8fWTqdKTzTT2FCwN7cm0=/180x270/dkpu1ddg7pbsk.cloudfront.net/movie/11/17/36/11173659_ori.jpg,5.2,6.3,PG-13,130,Universal,"$433,013,274.00 ",04-May-01
140,Cast Away,http://resizing.flixster.com/Y8_otZJ0sQ0JcUR7VPRjJxUg-qw=/179x257/dkpu1ddg7pbsk.cloudfront.net/movie/11/16/48/11164876_ori.jpg,7.4,7.7,PG-13,143,Fox,"$429,632,142.00 ",22-Dec-00
141,Dinosaur,http://resizing.flixster.com/-jcVO9luD6fH9bi4DcbgNY8JQIk=/180x255/dkpu1ddg7pbsk.cloudfront.net/movie/10/92/08/10920812_ori.jpg,6.2,6.4,PG,82,Disney,"$349,822,765.00 ",19-May-00
142,Gladiator,http://resizing.flixster.com/sO2TFkZCTVGi8m0Yjw2UWvGajC4=/180x270/dkpu1ddg7pbsk.cloudfront.net/movie/11/16/89/11168944_ori.jpg,7.2,8.5,R,155,DreamWorks / Universal,"$457,640,427.00 ",05-May-00
143,How the Grinch Stole Christmas,http://resizing.flixster.com/50a8DXOYOfwUPlzoWtpjoN6qHBQ=/180x256/dkpu1ddg7pbsk.cloudfront.net/movie/25/55/255591_ori.jpg,5.6,6,PG,104,Universal,"$345,141,403.00 ",17-Nov-00
144,Meet the Parents,http://resizing.flixster.com/HqFyRB_q9Qc-9XHodQ5KOnGCn-Y=/180x270/dkpu1ddg7pbsk.cloudfront.net/movie/11/17/65/11176583_ori.jpg,6.9,7,PG-13,108,Universal / DreamWorks,"$330,444,045.00 ",06-Oct-00
145,Mission: Impossible II,http://resizing.flixster.com/QvZkjCM-tSJ8ZxFeAFBXlhPhp1Y=/180x258/dkpu1ddg7pbsk.cloudfront.net/movie/25/77/257715_ori.jpg,6,6,PG-13,123,Paramount,"$546,388,105.00 ",24-May-00
146,The Perfect Storm,http://resizing.flixster.com/N_QI7xIK9FcdKmJQcTzpgU0we4E=/180x270/dkpu1ddg7pbsk.cloudfront.net/movie/11/16/79/11167915_ori.jpg,5.5,6.4,PG-13,130,Warner Bros.,"$328,718,434.00 ",30-Jun-00
147,What Lies Beneath,http://resizing.flixster.com/EH96EztpCYNTTOKKuWJ4o3OVe6U=/180x264/dkpu1ddg7pbsk.cloudfront.net/movie/34/35/84/3435848_ori.jpg,5.5,6.6,PG-13,130,DreamWorks / Fox,"$291,420,351.00 ",21-Jul-00
148,What Women Want,http://resizing.flixster.com/-K3-lemv2IjCIxyfWNB4b5oscBQ=/180x254/dkpu1ddg7pbsk.cloudfront.net/movie/62/99/74/6299748_ori.jpg,5.7,6.4,PG-13,127,Paramount,"$374,111,707.00 ",15-Dec-00
149,X-Men,http://resizing.flixster.com/vMvg0TJUjn0dH8QxT6FD7RXXOWw=/180x270/dkpu1ddg7pbsk.cloudfront.net/movie/11/17/75/11177551_ori.jpg,7,7.4,PG-13,104,Fox,"$296,339,527.00 ",14-Jul-00
150,American Beauty,http://resizing.flixster.com/xYYoX_fRXn7AC0HF9MMSQ7dfgKU=/180x266/dkpu1ddg7pbsk.cloudfront.net/movie/55/05/64/5505643_ori.jpg,8.2,8.4,R,122,DreamWorks Pictures,"$356,296,601.00 ",01-Oct-99
151,Austin Powers: The Spy Who Shagged Me,http://resizing.flixster.com/V4Imv8fYpxYEG61UQbltX41dHWU=/180x270/dkpu1ddg7pbsk.cloudfront.net/movie/11/17/00/11170075_ori.jpg,6,6.6,PG-13,95,New Line Cinema,"$312,016,858.00 ",11-Jun-99
152,Notting Hill,http://resizing.flixster.com/MQ1yf_XKOjCb3xxcePb_IykeNT0=/180x270/dkpu1ddg7pbsk.cloudfront.net/movie/11/17/37/11173724_ori.jpg,7.1,7,PG-13,124,Universal Pictures,"$363,889,678.00 ",28-May-99
153,Star Wars Episode I: The Phantom Menace,http://resizing.flixster.com/teLjRk35zoOC0SMhuuN6PfPoP7A=/168x270/dkpu1ddg7pbsk.cloudfront.net/movie/11/16/30/11163090_ori.jpg,5.8,6.6,PG,136,20th Century Fox / Lucasfilm,"$924,317,558.00 ",19-May-99
154,Tarzan,http://resizing.flixster.com/DeinPHimwtK2lheePZggxU_9H4c=/180x255/dkpu1ddg7pbsk.cloudfront.net/movie/25/12/251223_ori.jpg,7.6,7.2,G,88,Walt Disney Pictures,"$448,191,819.00 ",18-Jun-99
155,The Matrix,http://resizing.flixster.com/C6r4sO4qmdirMZItyU5qrwRTz5A=/180x270/dkpu1ddg7pbsk.cloudfront.net/movie/11/16/80/11168096_ori.jpg,7.6,8.7,R,136,Warner Bros.,"$460,379,930.00 ",31-Mar-99
156,The Mummy,http://resizing.flixster.com/cRaM9lgsQjBfBrzl3cSzZ-gPuE4=/180x270/dkpu1ddg7pbsk.cloudfront.net/movie/11/16/88/11168892_ori.jpg,5.7,7,PG-13,125,Universal Pictures,"$415,933,406.00 ",07-May-99
157,The Sixth Sense,http://resizing.flixster.com/7Cy6R8bBtBVnay-lLMPoHrwQ-ik=/180x266/dkpu1ddg7pbsk.cloudfront.net/movie/25/38/253818_ori.jpg,7.6,8.2,PG-13,107,Hollywood Pictures,"$672,806,292.00 ",06-Aug-99
158,The World Is Not Enough,http://resizing.flixster.com/EEJTXKCfG2lPxAXxu-YuJW2MN9Y=/180x269/dkpu1ddg7pbsk.cloudfront.net/movie/10/93/21/10932170_ori.jpg,5.7,6.4,PG-13,128,Metro-Goldwyn-Mayer,"$361,832,400.00 ",19-Nov-99
159,Toy Story 2,http://resizing.flixster.com/apFWspLgFG0LJBKt2Y_-vRJUwoM=/180x257/dkpu1ddg7pbsk.cloudfront.net/movie/10/93/63/10936392_ori.jpg,8.6,7.9,G,92,Walt Disney Pictures / Pixar,"$485,015,179.00 ",24-Nov-99
160,A Bug's Life,http://resizing.flixster.com/gOA73MRHwCl1cVsjRYTQyi4LisM=/180x256/dkpu1ddg7pbsk.cloudfront.net/movie/10/93/89/10938947_ori.jpg,7.9,7.2,G,95,Walt Disney Pictures / Pixar,"$363,398,565.00 ",25-Nov-98
161,Armageddon,http://resizing.flixster.com/QUirFk3ccr_LFPnojKhCtmOHkFA=/180x253/dkpu1ddg7pbsk.cloudfront.net/movie/55/05/68/5505685_ori.jpg,5.2,6.6,PG-13,151,Touchstone Pictures,"$553,709,788.00 ",01-Jul-98
162,Deep Impact,http://resizing.flixster.com/FOPaOdOF9ov5xps6xQMqZCnl7is=/180x270/dkpu1ddg7pbsk.cloudfront.net/movie/11/16/97/11169780_ori.jpg,5.8,6.1,PG-13,120,DreamWorks Pictures / Paramount Pictures,"$349,464,664.00 ",08-May-98
163,Dr. Dolittle,http://resizing.flixster.com/HRV9G6-kcJ-Fsycsth8JR0GqP68=/180x270/dkpu1ddg7pbsk.cloudfront.net/movie/11/17/80/11178097_ori.jpg,5.3,5.3,PG-13,85,20th Century Fox,"$294,456,605.00 ",26-Jun-98
164,Godzilla,http://resizing.flixster.com/2BsexQCiFCXVsKwiYbiqRysv-dk=/180x249/dkpu1ddg7pbsk.cloudfront.net/movie/25/99/259919_ori.jpg,4,5.3,PG-13,139,TriStar Pictures,"$379,014,294.00 ",20-May-98
165,Lethal Weapon 4,http://resizing.flixster.com/TfYg5GP3d0N5VFCIdczSqrcxQWY=/180x270/dkpu1ddg7pbsk.cloudfront.net/movie/11/17/00/11170039_ori.jpg,5.8,6.6,R,127,Warner Bros.,"$285,444,603.00 ",10-Jul-98
166,Mulan,http://resizing.flixster.com/_UoZLlmHv08EAQNXKLvIUM0gWck=/180x255/dkpu1ddg7pbsk.cloudfront.net/movie/11/14/84/11148476_ori.jpg,7.5,7.5,G,88,Walt Disney Pictures,"$304,320,254.00 ",19-Jun-98
167,Saving Private Ryan,http://resizing.flixster.com/BLCyiFNFpYFbQJa6D_oT9LFCzWw=/180x270/dkpu1ddg7pbsk.cloudfront.net/movie/11/16/97/11169791_ori.jpg,8.6,8.6,R,169,DreamWorks Pictures / Paramount Pictures,"$481,840,909.00 ",24-Jul-98
168,Shakespeare in Love,http://resizing.flixster.com/GcwTacz8zq3d34rR2QISbe4U0hQ=/180x270/dkpu1ddg7pbsk.cloudfront.net/movie/11/17/61/11176194_ori.jpg,8.3,7.2,R,123,Miramax Films / Universal Pictures,"$289,317,794.00 ",08-Jan-99
169,There's Something About Mary,http://resizing.flixster.com/qY45xaYyckU8Vuw1mIIGKMCNs4U=/180x270/dkpu1ddg7pbsk.cloudfront.net/movie/11/17/67/11176790_ori.jpg,7,7.1,R,119,20th Century Fox,"$369,884,651.00 ",15-Jul-98
170,Air Force One,http://resizing.flixster.com/mTOEf-_CLwT12bPAsM0Y3DiR54U=/180x270/dkpu1ddg7pbsk.cloudfront.net/movie/11/16/93/11169367_ori.jpg,7,6.4,R,124,Columbia Pictures,"$315,156,409.00 ",25-Jul-97
171,As Good as It Gets,http://resizing.flixster.com/4QEk9-zMgCwRs1Ycg2SUn023B4E=/180x262/dkpu1ddg7pbsk.cloudfront.net/movie/55/35/60/5535608_ori.jpg,7.2,7.8,PG-13,139,TriStar Pictures,"$314,178,011.00 ",25-Dec-97
172,Liar Liar,http://resizing.flixster.com/g8hIkgvB4efCw0_c5VZccrgIb0o=/180x270/dkpu1ddg7pbsk.cloudfront.net/movie/11/17/19/11171948_ori.jpg,6.9,6.8,PG-13,86,Universal Pictures,"$302,710,615.00 ",21-Mar-97
173,Men in Black,http://resizing.flixster.com/KJwy14RArJXQ9kJ0Yp8GWFcifFw=/180x270/dkpu1ddg7pbsk.cloudfront.net/movie/11/16/45/11164553_ori.jpg,7.5,7.2,PG-13,98,Columbia Pictures,"$589,390,539.00 ",02-Jul-97
174,My Best Friend's Wedding,http://resizing.flixster.com/2x1XOf8b8ehe1zigdR9XKKGN3L8=/180x270/dkpu1ddg7pbsk.cloudfront.net/movie/11/18/95/11189527_ori.jpg,6.4,6.3,PG-13,105,TriStar Pictures,"$299,288,605.00 ",20-Jun-97
175,The Fifth Element,http://resizing.flixster.com/zsw3FoPOaNxEVbYuX2tdKFcIpqI=/180x270/dkpu1ddg7pbsk.cloudfront.net/movie/11/16/94/11169462_ori.jpg,6.3,7.6,PG-13,126,Columbia Pictures,"$263,920,180.00 ",09-May-97
176,The Full Monty,http://resizing.flixster.com/w_DBGtkJdEgKy7cp4vImJQKlSEI=/179x257/dkpu1ddg7pbsk.cloudfront.net/movie/11/16/47/11164761_ori.jpg,7.6,7.2,R,91,Fox Searchlight Pictures,"$257,850,122.00 ",19-Sep-97
177,The Lost World: Jurassic Park,http://resizing.flixster.com/gHDeeV4CkhEu7y5M63csUh5ZXs0=/180x270/dkpu1ddg7pbsk.cloudfront.net/movie/11/16/88/11168888_ori.jpg,5.6,6.5,PG-13,129,Universal Pictures,"$618,638,999.00 ",23-May-97
178,Titanic,http://resizing.flixster.com/Dln7O1KtZpRmtG0KqU6QH1VES3Y=/180x268/dkpu1ddg7pbsk.cloudfront.net/movie/11/16/63/11166320_ori.jpg,8,7.7,PG-13,194,Paramount Pictures / 20th Century Fox,"$1,843,201,268.00 ",19-Dec-97
179,Tomorrow Never Dies,http://resizing.flixster.com/XwjEAjztVxVgC_1cxC-0LFvi25s=/180x256/dkpu1ddg7pbsk.cloudfront.net/movie/10/91/35/10913520_ori.jpg,6,6.5,PG-13,119,United Artists,"$333,011,068.00 ",19-Dec-97
180,101 Dalmatians,http://resizing.flixster.com/FE7P1JgZ3QaVmRG2CBu9NGLyaXE=/180x253/dkpu1ddg7pbsk.cloudfront.net/movie/25/28/252816_ori.jpg,5.3,5.6,G,103,Walt Disney Pictures,"$320,689,294.00 ",27-Nov-96
181,Eraser,http://resizing.flixster.com/kAc1eecSvRe7HBvMQtdQ3Aqx5YQ=/180x245/dkpu1ddg7pbsk.cloudfront.net/movie/27/12/271217_ori.jpg,4.9,6,R,115,Warner Bros.,"$242,295,562.00 ",21-Jun-96
182,Independence Day,http://resizing.flixster.com/2CYkXpNsZUE9C27PsXgX5UZBcKI=/180x270/dkpu1ddg7pbsk.cloudfront.net/movie/11/17/67/11176784_ori.jpg,6.3,6.9,PG-13,145,20th Century Fox,"$817,400,891.00 ",03-Jul-96
183,Jerry Maguire,http://resizing.flixster.com/jd2BYtf2ewOTB-VFRdjAZ3wUqCc=/180x261/dkpu1ddg7pbsk.cloudfront.net/movie/26/81/268123_ori.jpg,7.4,7.3,R,139,TriStar Pictures,"$273,552,592.00 ",13-Dec-96
184,Mission: Impossible,http://resizing.flixster.com/8tTdDDMRCVFg_c0XRiSVkO-_6dA=/180x270/dkpu1ddg7pbsk.cloudfront.net/movie/11/16/97/11169789_ori.jpg,5.9,7.1,PG-13,110,Paramount Pictures,"$457,696,359.00 ",22-May-96
185,Ransom,http://resizing.flixster.com/m_MdLZUBx7KuzxQx2V3FjaK3ESs=/180x246/dkpu1ddg7pbsk.cloudfront.net/movie/10/91/77/10917783_ori.jpg,6.6,6.6,R,121,Touchstone Pictures / Imagine Entertainment,"$309,492,681.00 ",08-Nov-96
186,The Hunchback of Notre Dame,http://resizing.flixster.com/l5o6CPeWggfSLIJHA-z_rlqO1ZM=/180x258/dkpu1ddg7pbsk.cloudfront.net/movie/11/15/56/11155631_ori.jpg,7.1,6.9,G,91,Walt Disney Pictures,"$325,338,851.00 ",21-Jun-96
187,The Nutty Professor,http://resizing.flixster.com/KPKB9efvzzdAsBAJqM7dhvkC6xE=/180x266/dkpu1ddg7pbsk.cloudfront.net/movie/25/91/259122_ori.jpg,5.9,5.5,PG-13,95,Universal Pictures,"$273,961,019.00 ",28-Jun-96
188,The Rock,http://resizing.flixster.com/DHwVTSAKf5YJpqnYpB7an_ZQNiI=/180x266/dkpu1ddg7pbsk.cloudfront.net/movie/10/87/70/10877064_ori.jpg,6.6,7.4,R,136,Hollywood Pictures,"$335,062,621.00 ",07-Jun-96
189,Twister,http://resizing.flixster.com/7xwAEq5tJYTJNysiwjmnyQM9AfQ=/180x270/dkpu1ddg7pbsk.cloudfront.net/movie/11/18/08/11180828_ori.jpg,6,6.2,PG-13,113,Warner Bros. / Universal Pictures,"$494,471,524.00 ",10-May-96
190,Apollo 13,http://resizing.flixster.com/aop-iWekWUu1cQIh2j_8N9Iumqg=/180x270/dkpu1ddg7pbsk.cloudfront.net/movie/11/17/56/11175692_ori.jpg,8.1,7.6,PG,140,Universal Pictures / Imagine Entertainment,"$353,471,312.00 ",30-Jun-95
191,Batman Forever,http://resizing.flixster.com/1bwQl51pPPU40stzBAVIeCsBrv4=/180x270/dkpu1ddg7pbsk.cloudfront.net/movie/11/16/45/11164555_ori.jpg,5.2,5.4,PG-13,121,Warner Bros. / PolyGram,"$336,529,144.00 ",16-Jun-95
192,Casper,http://resizing.flixster.com/POltQfwJ3nkqQ69SblWNAiBqjUg=/180x270/dkpu1ddg7pbsk.cloudfront.net/movie/11/18/00/11180091_ori.jpg,4.8,6,PG,100,Universal Pictures,"$287,928,194.00 ",26-May-95
193,Die Hard with a Vengeance,http://resizing.flixster.com/KPcSTks-fiNiJEtn4VaLmadkWTQ=/179x257/dkpu1ddg7pbsk.cloudfront.net/movie/11/16/48/11164823_ori.jpg,5.7,7.6,R,131,20th Century Fox / Cinergi Pictures,"$366,101,766.00 ",19-May-95
194,GoldenEye,http://resizing.flixster.com/DBrbUmuKblFWFTTJSZpaqms_Atw=/180x263/dkpu1ddg7pbsk.cloudfront.net/movie/26/66/266699_ori.jpg,6.9,7.2,PG-13,130,United Artists,"$352,194,034.00 ",17-Nov-95
195,Jumanji,http://resizing.flixster.com/ZfAgDI0I7ZvGR4einB6qCg6zixE=/180x268/dkpu1ddg7pbsk.cloudfront.net/movie/56/79/73/5679734_ori.jpg,5.6,6.8,PG,104,TriStar Pictures,"$262,797,249.00 ",15-Dec-95
196,Pocahontas,http://resizing.flixster.com/nabwuKMhFJVBKyOntBtW8TC9rgE=/180x254/dkpu1ddg7pbsk.cloudfront.net/movie/25/15/251508_ori.jpg,6,6.6,G,81,Walt Disney Pictures,"$346,079,773.00 ",23-Jun-95
197,Seven,http://resizing.flixster.com/Lzf28cq9sH6ej5Be2uCQfIYWtIw=/180x270/dkpu1ddg7pbsk.cloudfront.net/movie/11/16/67/11166782_ori.jpg,7.6,8.7,R,127,New Line Cinema,"$327,311,859.00 ",22-Sep-95
198,Toy Story,http://resizing.flixster.com/Rw9DiBAFGZ2nsMie2He5iaDVuY0=/180x256/dkpu1ddg7pbsk.cloudfront.net/movie/10/93/63/10936393_ori.jpg,9,8.3,G,81,Walt Disney Pictures / Pixar,"$361,958,736.00 ",22-Nov-95
199,Waterworld,http://resizing.flixster.com/n8sCbuHQIvYL0ST70ojPiLSJBPE=/180x267/dkpu1ddg7pbsk.cloudfront.net/movie/25/75/257591_ori.jpg,5.2,6.1,PG-13,135,Universal Pictures,"$264,218,220.00 ",28-Jul-95
200,Clear and Present Danger,http://resizing.flixster.com/zl3hhQbg99652lCvdeVO1WQLX9k=/180x270/dkpu1ddg7pbsk.cloudfront.net/movie/11/16/97/11169778_ori.jpg,6.9,6.9,PG-13,141,Paramount Pictures,"$215,887,717.00 ",03-Aug-94
201,Dumb and Dumber,http://resizing.flixster.com/lRFPyLpTy_uw-15rJAhuGYkiNb0=/180x244/dkpu1ddg7pbsk.cloudfront.net/movie/25/45/254516_ori.jpg,5.9,7.3,PG-13,107,New Line Cinema,"$247,275,374.00 ",16-Dec-94
202,Forrest Gump,http://resizing.flixster.com/jboZQl2N6I1dQB5tcPeiW6iUfTk=/180x270/dkpu1ddg7pbsk.cloudfront.net/movie/11/17/36/11173677_ori.jpg,7.2,8.8,PG-13,142,Paramount Pictures,"$677,387,716.00 ",06-Jul-94
203,Four Weddings and a Funeral,http://resizing.flixster.com/9KWUEdV4iTDIO1-rPzvXG_zZ0kY=/180x233/dkpu1ddg7pbsk.cloudfront.net/movie/28/17/281725_ori.jpg,7.6,7.1,R,117,Gramercy Pictures / PolyGram,"$245,700,832.00 ",15-Apr-94
204,Interview with the Vampire: The Vampire Chronicles,http://resizing.flixster.com/ufWzvsjinfzMxDE64hBA-oDkSvM=/180x270/dkpu1ddg7pbsk.cloudfront.net/movie/11/16/94/11169453_ori.jpg,5.9,7.6,R,123,Warner Bros. / Geffen Pictures,"$223,664,608.00 ",11-Nov-94
205,Speed,http://resizing.flixster.com/ZxlnxSw7y8cjMcIHxxYeQtfCkag=/179x257/dkpu1ddg7pbsk.cloudfront.net/movie/11/16/47/11164772_ori.jpg,7.9,7.2,R,116,20th Century Fox,"$350,448,145.00 ",10-Jun-94
206,The Flintstones,http://resizing.flixster.com/JtWm1oHyUAOKSMsGLWYkLdMW_Jw=/180x270/dkpu1ddg7pbsk.cloudfront.net/movie/11/17/99/11179944_ori.jpg,3.7,4.8,PG,91,Universal Pictures / Amblin Entertainment,"$341,631,208.00 ",27-May-94
207,The Lion King,http://resizing.flixster.com/pEnfXxWXRon3WdJte88vc29eNeE=/180x267/dkpu1ddg7pbsk.cloudfront.net/movie/11/16/04/11160477_ori.jpg,8.2,8.5,G,89,Walt Disney Pictures,"$768,625,889.00 ",24-Jun-94
208,The Mask,http://resizing.flixster.com/UkWsxmPaqE95aoxRz35kbVHPiqk=/180x270/dkpu1ddg7pbsk.cloudfront.net/movie/11/17/39/11173943_ori.jpg,6.4,6.8,PG-13,101,New Line Cinema,"$351,583,407.00 ",29-Jul-94
209,True Lies,http://resizing.flixster.com/mimlegW6DpnA7X8fM6uAqRTaC3Y=/180x256/dkpu1ddg7pbsk.cloudfront.net/movie/31/37/313714_ori.jpg,6.6,7.2,R,141,20th Century Fox,"$378,882,411.00 ",15-Jul-94
210,Cliffhanger,http://resizing.flixster.com/ZBN2_uTjkpn3PkFGLms8c1R5Xjk=/180x269/dkpu1ddg7pbsk.cloudfront.net/movie/11/15/70/11157076_ori.jpg,6.2,6.3,R,112,TriStar Pictures / Carolco Pictures,"$255,000,211.00 ",28-May-93
211,Indecent Proposal,http://resizing.flixster.com/21Nukf6Y-ivy_q4K7LwRaskSNTQ=/173x270/dkpu1ddg7pbsk.cloudfront.net/movie/10/88/26/10882670_ori.jpg,4.6,5.8,R,117,Paramount Pictures,"$266,614,059.00 ",07-Apr-93
212,Jurassic Park,http://resizing.flixster.com/2D5M5EDSS4ZjUvDnS_jfTK6SBdQ=/180x270/dkpu1ddg7pbsk.cloudfront.net/movie/11/16/88/11168880_ori.jpg,8.3,8,PG-13,127,Universal Pictures / Amblin Entertainment,"$914,691,118.00 ",11-Jun-93
213,Mrs. Doubtfire,http://resizing.flixster.com/LBXknnxSaK0p3GtnjDsrj-v18LI=/180x270/dkpu1ddg7pbsk.cloudfront.net/movie/11/19/04/11190433_ori.jpg,5.8,6.9,PG-13,125,20th Century Fox,"$441,286,195.00 ",24-Nov-93
214,Philadelphia,http://resizing.flixster.com/1EQ-A7pSKFxe8p8nUjVoYESHhqk=/180x270/dkpu1ddg7pbsk.cloudfront.net/movie/11/17/38/11173851_ori.jpg,6.6,7.7,PG-13,125,TriStar Pictures,"$206,678,440.00 ",14-Jan-94
215,Schindler's List,http://resizing.flixster.com/8ZSqHlP-hPOabOXMSYWT4oXlrc4=/180x258/dkpu1ddg7pbsk.cloudfront.net/movie/26/71/267112_ori.jpg,9,8.9,R,195,Universal Pictures / Amblin Entertainment,"$321,306,305.00 ",04-Feb-94
216,Sleepless in Seattle,http://resizing.flixster.com/pXQ5x3nrVb2NR-P3FtOM5igMsxE=/96x140/dkpu1ddg7pbsk.cloudfront.net/movie/11/12/06/11120641_ori.jpg,6.5,6.8,PG,105,TriStar Pictures,"$227,799,884.00 ",25-Jun-93
217,The Firm,http://resizing.flixster.com/z-Fnu-OBkh-_tjtKCOgt0rVv-qM=/180x270/dkpu1ddg7pbsk.cloudfront.net/movie/11/17/36/11173686_ori.jpg,6.2,6.8,R,154,Paramount Pictures,"$270,248,367.00 ",30-Jun-93
218,The Fugitive,http://resizing.flixster.com/2qD77zeD0QLsahPn4oRG72h8jUY=/180x270/dkpu1ddg7pbsk.cloudfront.net/movie/11/16/80/11168091_ori.jpg,7.9,7.8,PG-13,130,Warner Bros.,"$368,875,760.00 ",06-Aug-93
219,The Pelican Brief,http://resizing.flixster.com/7VvPgOg5CbFIghD_RgRpE2BT9z4=/180x270/dkpu1ddg7pbsk.cloudfront.net/movie/11/16/97/11169704_ori.jpg,5.5,6.5,PG-13,141,Warner Bros.,"$195,268,056.00 ",17-Dec-93
220,A Few Good Men,http://resizing.flixster.com/l2ieo3YdNwEXbO21Xatv-BU2ZJs=/180x261/dkpu1ddg7pbsk.cloudfront.net/movie/28/17/281708_ori.jpg,7,7.6,R,138,Columbia Pictures / Castle Rock Entertainment,"$243,240,178.00 ",11-Dec-92
221,Aladdin,http://resizing.flixster.com/PFEXNhpBUHom6A9yG3wg_W0Zt98=/180x268/dkpu1ddg7pbsk.cloudfront.net/movie/10/93/64/10936428_ori.jpg,8.1,8,G,90,Walt Disney Pictures,"$504,050,219.00 ",25-Nov-92
222,Basic Instinct,http://resizing.flixster.com/lRQ8GHTcvMv_3ysr2uwWkIrdHZ8=/180x247/dkpu1ddg7pbsk.cloudfront.net/movie/28/33/283309_ori.jpg,5.9,6.9,R,127,TriStar Pictures / Carolco Pictures,"$352,927,224.00 ",20-Mar-92
223,Batman Returns,http://resizing.flixster.com/eyIQdyoRhF9tyZv4-7T_gYpraUQ=/180x270/dkpu1ddg7pbsk.cloudfront.net/movie/56/82/90/5682901_ori.jpg,6.7,7,PG-13,126,Warner Bros. / PolyGram,"$266,822,354.00 ",19-Jun-92
224,Bram Stoker's Dracula,http://resizing.flixster.com/x3cAqTql6HPipavjw_OkSCaDpm8=/180x260/dkpu1ddg7pbsk.cloudfront.net/movie/59/64/98/5964985_ori.jpg,6.5,7.5,R,128,Columbia Pictures,"$215,862,692.00 ",13-Nov-92
225,Home Alone 2: Lost in New York,http://resizing.flixster.com/xT4YXaNwgJtK3EDk4He0uUuaUrw=/180x255/dkpu1ddg7pbsk.cloudfront.net/movie/25/40/254003_ori.jpg,3.6,6.5,PG,120,20th Century Fox,"$358,994,850.00 ",20-Nov-92
226,Lethal Weapon 3,http://resizing.flixster.com/X8uBur__gienB-0mAjgC0hfF7CM=/178x270/dkpu1ddg7pbsk.cloudfront.net/movie/11/12/88/11128831_ori.jpg,5.5,6.7,R,118,Warner Bros.,"$321,731,527.00 ",15-May-92
227,Sister Act,http://resizing.flixster.com/blxl_bQQDX1grNM-uVerO3oZAaI=/180x260/dkpu1ddg7pbsk.cloudfront.net/movie/25/51/255121_ori.jpg,5.7,6.2,PG,100,Touchstone Pictures,"$231,605,150.00 ",29-May-92
228,The Bodyguard,http://resizing.flixster.com/QGjRr5Lf9dMQdKQhczqt58OqeSA=/180x270/dkpu1ddg7pbsk.cloudfront.net/movie/11/16/79/11167935_ori.jpg,4.8,6.1,R,129,Warner Bros.,"$411,006,740.00 ",25-Nov-92
229,Wayne's World,http://resizing.flixster.com/5zIUNziYaR486W5JZy8eWVrvGow=/180x269/dkpu1ddg7pbsk.cloudfront.net/movie/59/51/42/5951425_ori.jpg,6.8,7,PG-13,94,Paramount Pictures,"$183,097,323.00 ",14-Feb-92
230,Beauty and the Beast,http://resizing.flixster.com/O7KjuYoKyOa7bBFVEMqnM_ZGN78=/180x267/dkpu1ddg7pbsk.cloudfront.net/movie/11/16/29/11162903_ori.jpg,8.4,8,G,84,Walt Disney Pictures,"$351,863,363.00 ",22-Nov-91
231,Cape Fear,http://resizing.flixster.com/0QRNH4M7vkPTz26alWM9mwKaOB4=/178x270/dkpu1ddg7pbsk.cloudfront.net/movie/10/93/72/10937223_ori.jpg,7.1,7.3,R,128,Universal Pictures,"$182,291,969.00 ",15-Nov-91
232,City Slickers,http://resizing.flixster.com/q3rBGER1l3OdFFApBBsTcME3bsM=/180x261/dkpu1ddg7pbsk.cloudfront.net/movie/11/15/27/11152780_ori.jpg,7,6.7,PG-13,113,Columbia Pictures / Castle Rock Entertainment / Nelson Entertainment,"$179,033,791.00 ",07-Jun-91
233,Hook,http://resizing.flixster.com/2Kp3hYPiPnhkEpDQNFEv4IRaD9M=/180x261/dkpu1ddg7pbsk.cloudfront.net/movie/25/46/254606_ori.jpg,4.4,6.7,PG,142,TriStar Pictures / Amblin Entertainment,"$300,854,823.00 ",11-Dec-91
234,Hot Shots!,http://resizing.flixster.com/3JzsLocKZT_RNxFVI61xsM_v4Fw=/179x257/dkpu1ddg7pbsk.cloudfront.net/movie/11/16/49/11164957_ori.jpg,6.5,6.7,PG-13,84,20th Century Fox,"$181,096,164.00 ",31-Jul-91
235,JFK,http://resizing.flixster.com/3rM4ZIxn0hOIAIKjFqZvy76ICyw=/180x265/dkpu1ddg7pbsk.cloudfront.net/movie/10/93/59/10935981_ori.jpg,7.7,8,R,189,Warner Bros.,"$205,405,498.00 ",20-Dec-91
236,Robin Hood: Prince of Thieves,http://resizing.flixster.com/LWcUdj-bVCtz_yveVI-r0FfP7jE=/180x270/dkpu1ddg7pbsk.cloudfront.net/movie/11/17/00/11170050_ori.jpg,5.7,6.9,PG-13,143,Warner Bros.,"$390,493,908.00 ",14-Jun-91
237,Terminator 2: Judgment Day,http://resizing.flixster.com/sKc-3qOa64rxXpfEsKbNqv6DeY0=/180x270/dkpu1ddg7pbsk.cloudfront.net/movie/11/17/43/11174301_ori.jpg,8.3,8.5,R,137,TriStar Pictures / Carolco Pictures / Lightstorm Entertainment,"$519,843,345.00 ",03-Jul-91
238,The Addams Family,http://resizing.flixster.com/jPsVpHIM4G8ViFgMbdUoxpk4shs=/180x257/dkpu1ddg7pbsk.cloudfront.net/movie/26/64/266402_ori.jpg,5.6,6.8,PG-13,99,Paramount Pictures / Orion Pictures,"$191,502,426.00 ",22-Nov-91
239,The Silence of the Lambs,http://resizing.flixster.com/Q8QDUnqJmgkfSlxyyppLZXF28t4=/180x267/dkpu1ddg7pbsk.cloudfront.net/movie/55/12/86/5512865_ori.jpg,8.5,8.6,R,118,Orion Pictures,"$272,742,922.00 ",14-Feb-91
240,Back to the Future Part III,http://resizing.flixster.com/I9PEVOh_ZpCiMnCfw57AkXDgRhM=/180x270/dkpu1ddg7pbsk.cloudfront.net/movie/11/17/38/11173854_ori.jpg,6.5,7.4,PG,118,Universal Pictures,"$244,527,583.00 ",25-May-90
241,Dances with Wolves,http://resizing.flixster.com/6qRBQY1vGGNIYBeEv1_KFsmGJ4w=/180x270/dkpu1ddg7pbsk.cloudfront.net/movie/11/16/81/11168108_ori.jpg,7.5,8,PG-13,181,Orion Pictures,"$424,208,848.00 ",21-Nov-90
242,Die Hard 2,http://resizing.flixster.com/BXuwiQ9ITCvNupBVrtrZ3jQg9WU=/180x266/dkpu1ddg7pbsk.cloudfront.net/movie/10/93/34/10933489_ori.jpg,6.1,7.1,R,124,20th Century Fox / Silver Pictures,"$240,031,094.00 ",04-Jul-90
243,Ghost,http://resizing.flixster.com/pHPpw4inGi6stbtMnLSic6k5fVA=/180x270/dkpu1ddg7pbsk.cloudfront.net/movie/11/16/91/11169197_ori.jpg,6.8,7,PG-13,127,Paramount Pictures,"$505,702,588.00 ",13-Jul-90
244,Home Alone,http://resizing.flixster.com/kt-Khg5hW-vqYwGDhLKnRAb-0uU=/110x150/dkpu1ddg7pbsk.cloudfront.net/movie/31/21/312104_ori.jpg,5.1,7.4,PG,103,20th Century Fox,"$476,684,675.00 ",16-Nov-90
245,Kindergarten Cop,http://resizing.flixster.com/cb6nTJ0nYUeS38cP0kMfMF_9DlE=/180x270/dkpu1ddg7pbsk.cloudfront.net/movie/11/17/87/11178764_ori.jpg,5.1,6,PG-13,111,Universal Pictures,"$201,957,688.00 ",21-Dec-90
246,Presumed Innocent,http://resizing.flixster.com/3atb8xNBu7Df-gVJpalCXndBg50=/180x270/dkpu1ddg7pbsk.cloudfront.net/movie/11/16/79/11167929_ori.jpg,7.4,6.9,R,127,Warner Bros.,"$221,303,188.00 ",27-Jul-90
247,Pretty Woman,http://resizing.flixster.com/fyT-rUxIJLV7inCl5NqJHgmnoDI=/180x254/dkpu1ddg7pbsk.cloudfront.net/movie/16/90/52/1690526_ori.jpg,5.7,6.9,R,119,Touchstone Pictures,"$463,406,268.00 ",23-Mar-90
248,Teenage Mutant Ninja Turtles,http://resizing.flixster.com/jPSS5WGvx8Z2q_U7TNzxSoHqFUQ=/180x270/dkpu1ddg7pbsk.cloudfront.net/movie/11/17/00/11170087_ori.jpg,4.8,6.7,PG,93,New Line Cinema,"$201,965,915.00 ",30-Mar-90
249,Total Recall,http://resizing.flixster.com/ROHNoOdZcDbCpiitmK2FRxKCvTc=/180x270/dkpu1ddg7pbsk.cloudfront.net/movie/11/18/99/11189901_ori.jpg,7.3,7.5,R,113,TriStar Pictures / Carolco Pictures,"$261,336,002.00 ",01-Jun-90
250,Back to the Future Part II,http://resizing.flixster.com/gqemFWJuuNW6pVn4p7JfoGo4VSM=/180x270/dkpu1ddg7pbsk.cloudfront.net/movie/11/17/38/11173853_ori.jpg,6.1,7.8,PG,108,Universal Pictures,"$331,950,002.00 ",22-Nov-89
251,Batman,http://resizing.flixster.com/GYJFshcSEmFUiwMilVYAyMIs4CQ=/180x270/dkpu1ddg7pbsk.cloudfront.net/movie/11/16/80/11168088_ori.jpg,6.6,7.6,PG-13,126,Warner Bros. / PolyGram,"$411,348,924.00 ",23-Jun-89
252,Born on the Fourth of July,http://resizing.flixster.com/uORJJKgy_lsdJT2bkQmStA3V2qI=/180x270/dkpu1ddg7pbsk.cloudfront.net/movie/11/17/58/11175872_ori.jpg,7.4,7.2,R,145,Universal Pictures,"$161,001,698.00 ",05-Jan-90
253,Dead Poets Society,http://resizing.flixster.com/o40G4KNC9kqYHF2W_Ns0RG449BM=/180x269/dkpu1ddg7pbsk.cloudfront.net/movie/10/58/40/10584083_ori.jpg,7.2,8,PG,128,Touchstone Pictures,"$235,860,116.00 ",09-Jun-89
254,Ghostbusters II,http://resizing.flixster.com/dcW7DWqYbQt25cexo1WNvrzm-O8=/180x270/dkpu1ddg7pbsk.cloudfront.net/movie/11/17/44/11174416_ori.jpg,5.2,6.5,PG,108,Columbia Pictures,"$215,394,738.00 ",16-Jun-89
255,"Honey, I Shrunk the Kids",http://resizing.flixster.com/5mEUZK0kuxucMPC5Ycg0MIwPSFI=/180x254/dkpu1ddg7pbsk.cloudfront.net/movie/10/87/98/10879840_ori.jpg,6.2,6.2,PG,93,Walt Disney Pictures,"$222,724,172.00 ",23-Jun-89
256,Indiana Jones and the Last Crusade,http://resizing.flixster.com/qaoiZqYHDMj6G5jqCdlEtuaumgA=/180x267/dkpu1ddg7pbsk.cloudfront.net/movie/10/91/96/10919621_ori.jpg,7.9,8.3,PG-13,127,Paramount Pictures / Lucasfilm,"$474,171,806.00 ",24-May-89
257,Lethal Weapon 2,http://resizing.flixster.com/RFQcK-L53KhuubGeaJKOomMbg9k=/180x268/dkpu1ddg7pbsk.cloudfront.net/movie/11/12/88/11128832_ori.jpg,6.6,7.2,R,114,Warner Bros.,"$227,853,986.00 ",07-Jul-89
258,Look Who's Talking,http://resizing.flixster.com/H3iCz9YretFAYbty_QAUGdp2-4U=/180x270/dkpu1ddg7pbsk.cloudfront.net/movie/11/17/81/11178142_ori.jpg,5,5.8,PG-13,93,TriStar Pictures,"$296,999,813.00 ",13-Oct-89
259,The Little Mermaid,http://resizing.flixster.com/i9JPNUh70xuDNhRGYPg4U8L_PHo=/180x258/dkpu1ddg7pbsk.cloudfront.net/movie/25/06/250622_ori.jpg,8.1,7.6,G,83,Walt Disney Pictures,"$184,155,863.00 ",17-Nov-89
260,"""Crocodile"" Dundee II",http://resizing.flixster.com/7Kx0TvzMcvpqHNAE-yqb4pGPk7w=/180x255/dkpu1ddg7pbsk.cloudfront.net/movie/25/68/256818_ori.jpg,3.5,5.5,PG,108,Paramount Pictures,"$109,306,210.00 ",25-May-88
261,Beetlejuice,http://resizing.flixster.com/WwfRe5-FR6NpqXyNT6vsLgvHXPI=/180x270/dkpu1ddg7pbsk.cloudfront.net/movie/11/16/68/11166863_ori.jpg,7,7.4,PG,92,Warner Bros. / Geffen Pictures,"$73,707,461.00 ",30-Mar-88
262,Big,http://resizing.flixster.com/lvE3FiWgRk78wlgoK8AOg0Ao_d8=/179x257/dkpu1ddg7pbsk.cloudfront.net/movie/11/16/44/11164479_ori.jpg,7.9,7.3,PG,104,20th Century Fox / Gracie Films,"$114,968,774.00 ",03-Jun-88
263,Cocktail,http://resizing.flixster.com/mBKethr9jeA6EMJGizVw16i323Q=/180x254/dkpu1ddg7pbsk.cloudfront.net/movie/26/88/268891_ori.jpg,3.8,5.8,R,104,Touchstone Pictures,"$78,222,753.00 ",29-Jul-88
264,Coming to America,http://resizing.flixster.com/SpFvVmXJooaMPr5Q_jCIsgyABY0=/180x270/dkpu1ddg7pbsk.cloudfront.net/movie/11/16/89/11168930_ori.jpg,5.8,6.9,R,116,Paramount Pictures,"$128,152,301.00 ",29-Jun-88
265,Die Hard,http://resizing.flixster.com/jPElLfrOhdvB_ZCJ4fWabLw9TSQ=/179x257/dkpu1ddg7pbsk.cloudfront.net/movie/11/16/47/11164776_ori.jpg,8.4,8.3,R,131,20th Century Fox / Silver Pictures,"$83,008,852.00 ",20-Jul-88
266,Rain Man,http://resizing.flixster.com/QOETj26bjQ-V44TXF6efQW3eAPo=/174x270/dkpu1ddg7pbsk.cloudfront.net/movie/10/85/35/10853584_ori.jpg,7.9,8,R,133,United Artists,"$172,825,435.00 ",16-Dec-88
267,The Naked Gun: From the Files of Police Squad!,http://resizing.flixster.com/J5Rc7uF3aMumJoVlcjnFbL6GTgk=/110x148/dkpu1ddg7pbsk.cloudfront.net/movie/10/88/60/10886069_ori.jpg,7.3,7.6,PG-13,85,Paramount Pictures,"$78,756,177.00 ",02-Dec-88
268,Twins,http://resizing.flixster.com/H2mQs9HYLM6dPIe31Ak2ipfj1_s=/178x270/dkpu1ddg7pbsk.cloudfront.net/movie/10/88/47/10884784_ori.jpg,4.8,5.9,PG,107,Universal Pictures,"$111,938,388.00 ",09-Dec-88
269,Who Framed Roger Rabbit,http://resizing.flixster.com/ER2EiHJ2eXX7acnA6_E4aFhIhBo=/168x268/dkpu1ddg7pbsk.cloudfront.net/movie/11/15/55/11155547_ori.jpg,8.4,7.7,PG,104,Touchstone Pictures / Amblin Entertainment,"$156,452,370.00 ",22-Jun-88
270,Beverly Hills Cop II,http://resizing.flixster.com/hAbluJoNCoLzqbORzEG8k4IJ7YE=/180x269/dkpu1ddg7pbsk.cloudfront.net/movie/10/84/44/10844413_ori.jpg,4.9,6.4,R,100,Paramount,"$153,665,036.00 ",20-May-87
271,Fatal Attraction,http://resizing.flixster.com/hWiV1-iFoJADbPT61IDD7Z2H4Xs=/180x267/dkpu1ddg7pbsk.cloudfront.net/movie/10/84/99/10849901_ori.jpg,6.7,6.9,R,119,Paramount Pictures,"$156,645,693.00 ",18-Sep-87
272,"Good Morning, Vietnam",http://resizing.flixster.com/LeKFp61qZoa_i5Q_6x_4nYkg1Ww=/180x256/dkpu1ddg7pbsk.cloudfront.net/movie/26/89/268995_ori.jpg,7.4,7.3,R,121,Touchstone,"$123,922,370.00 ",15-Jan-88
273,Lethal Weapon,http://resizing.flixster.com/3aDtygNQOYu5zppr1AvV8jIu_H0=/180x270/dkpu1ddg7pbsk.cloudfront.net/movie/11/16/79/11167924_ori.jpg,7.1,7.6,R,110,Warner Bros.,"$65,207,127.00 ",06-Mar-87
274,Moonstruck,http://resizing.flixster.com/N7exSCLxOgtB-aPi60FeW5bXS5w=/180x264/dkpu1ddg7pbsk.cloudfront.net/movie/10/85/77/10857754_ori.jpg,7.8,7.1,PG,102,Metro-Goldwyn-Mayer,"$80,640,528.00 ",15-Jan-88
275,Stakeout,http://resizing.flixster.com/yBPupKo8Rg2P0Xk7oSb3kKgkeaM=/180x255/dkpu1ddg7pbsk.cloudfront.net/movie/27/16/271625_ori.jpg,6.5,6.6,R,117,Touchstone,"$65,673,230.00 ",05-Aug-87
276,The Secret of My Success,http://resizing.flixster.com/bCumGM3LISFAFqsAbv3V0o7fPKw=/177x270/dkpu1ddg7pbsk.cloudfront.net/movie/11/15/78/11157863_ori.jpg,5.4,6.4,PG-13,111,Universal Pictures,"$66,995,000.00 ",10-Apr-87
277,The Untouchables,http://resizing.flixster.com/1EFQuvj5llA_m61tMCqDVudwUpc=/180x270/dkpu1ddg7pbsk.cloudfront.net/movie/11/17/13/11171335_ori.jpg,7.4,8,R,119,Paramount,"$76,270,454.00 ",03-Jun-87
278,The Witches of Eastwick,http://resizing.flixster.com/kU0L2LKZtLzoi4ZomVbNdWVZ6qk=/180x270/dkpu1ddg7pbsk.cloudfront.net/movie/11/16/13/11161319_ori.jpg,6.2,6.5,R,118,Warner Bros.,"$63,766,510.00 ",12-Jun-87
279,Three Men and a Baby,http://resizing.flixster.com/fxMTXOi2o24T_ZK0zoraIm9n6cM=/180x259/dkpu1ddg7pbsk.cloudfront.net/movie/25/71/257115_ori.jpg,5.9,5.8,PG,102,Touchstone Pictures,"$167,780,960.00 ",25-Nov-87
280,"""Crocodile"" Dundee",http://resizing.flixster.com/djJ50pyIgZZoFYdXO3HcLjlnGzg=/180x270/dkpu1ddg7pbsk.cloudfront.net/movie/11/16/97/11169779_ori.jpg,6.7,6.5,PG-13,97,Paramount Pictures / 20th Century Fox,"$174,803,506.00 ",26-Sep-86
281,Aliens,http://resizing.flixster.com/xYugVntiVJbVz5x_bQq5-Pjg5aU=/180x270/dkpu1ddg7pbsk.cloudfront.net/movie/11/18/07/11180796_ori.jpg,9,8.4,R,137,20th Century Fox,"$86,160,248.00 ",18-Jul-86
282,An American Tail,http://resizing.flixster.com/w0uF4v8jUe1x3ZErtvyPWfe1Nzc=/180x270/dkpu1ddg7pbsk.cloudfront.net/movie/11/17/66/11176623_ori.jpg,6.3,6.9,G,80,Universal Studios,"$84,542,002.00 ",21-Nov-86
283,Back to School,http://resizing.flixster.com/JQn3vediYVmfbxQO3an5Mh_mA1s=/176x270/dkpu1ddg7pbsk.cloudfront.net/movie/74/28/48/7428484_ori.jpg,7,6.5,PG-13,96,Orion Pictures,"$91,258,000.00 ",13-Jun-86
284,Platoon,http://resizing.flixster.com/d83olRDH-G34i6EP7QVdyF3HyaU=/180x267/dkpu1ddg7pbsk.cloudfront.net/movie/10/86/50/10865025_ori.jpg,8.1,8.1,R,120,Orion Pictures,"$138,530,565.00 ",06-Feb-87
285,Ruthless People,http://resizing.flixster.com/IfJutHqmgKfI235a-AsTBLm_bp0=/180x254/dkpu1ddg7pbsk.cloudfront.net/movie/26/87/268720_ori.jpg,7,6.8,R,93,Buena Vista Pictures Distribution,"$71,624,879.00 ",27-Jun-86
286,Star Trek IV: The Voyage Home,http://resizing.flixster.com/53VKc9-hpRF9QNzuLQzQaspdAug=/180x270/dkpu1ddg7pbsk.cloudfront.net/movie/11/18/07/11180717_ori.jpg,6.9,7.3,PG,119,Paramount Pictures,"$109,713,132.00 ",26-Nov-86
287,The Golden Child,http://resizing.flixster.com/7KO5uu2ZPehnVfcsKggTXZjtefM=/180x270/dkpu1ddg7pbsk.cloudfront.net/movie/11/17/36/11173678_ori.jpg,3.9,5.8,PG-13,94,Paramount Pictures,"$79,817,937.00 ",12-Dec-86
288,"The Karate Kid, Part II",http://resizing.flixster.com/_ByjiJUAmxiXl6oAHPF8l4gOOVc=/180x270/dkpu1ddg7pbsk.cloudfront.net/movie/11/17/81/11178156_ori.jpg,4.9,5.8,PG,113,Columbia Pictures,"$115,103,979.00 ",20-Jun-86
289,Top Gun,http://resizing.flixster.com/TuoFvLZpHzh4RPlzFOHUdo_wJf4=/180x231/dkpu1ddg7pbsk.cloudfront.net/movie/11/16/92/11169265_ori.jpg,5.8,6.8,PG,110,Paramount Pictures,"$176,781,728.00 ",16-May-86
290,Back to the Future,http://resizing.flixster.com/por4iOTnpL-nsH4QNjvWqwBF-DA=/180x270/dkpu1ddg7pbsk.cloudfront.net/movie/11/17/38/11173852_ori.jpg,8.6,8.5,PG,116,Universal Pictures / Amblin Entertainment,"$210,609,762.00 ",03-Jul-85
291,Cocoon,http://resizing.flixster.com/xmmiZa3fc0i16-NkvydGxUA0ubw=/180x258/dkpu1ddg7pbsk.cloudfront.net/movie/25/91/259100_ori.jpg,6.2,6.6,PG-13,117,20th Century Fox,"$85,313,124.00 ",21-Jun-85
292,Out Of Africa,http://resizing.flixster.com/QHwc8jY1d-8Sc0qxbRpzlxkbwC8=/180x270/dkpu1ddg7pbsk.cloudfront.net/movie/11/17/17/11171703_ori.jpg,6.5,7.2,PG,161,Universal Pictures,"$87,071,205.00 ",20-Dec-85
293,Rambo: First Blood Part II,http://resizing.flixster.com/f3qkehG-FJEa88CWySM_d4dKd84=/180x253/dkpu1ddg7pbsk.cloudfront.net/movie/11/13/69/11136978_ori.jpg,4.1,6.4,R,96,TriStar Pictures / Carolco,"$150,415,432.00 ",22-May-85
294,Rocky IV,http://resizing.flixster.com/gLnfMQMcsLo-npqSh5PBXVUhNH4=/180x246/dkpu1ddg7pbsk.cloudfront.net/movie/26/13/261393_ori.jpg,4.8,6.7,PG,91,United Artists,"$127,873,716.00 ",27-Nov-85
295,Spies Like Us,http://resizing.flixster.com/m4ljoIkVfStpMpCRQPelXFo11ck=/180x248/dkpu1ddg7pbsk.cloudfront.net/movie/25/80/258000_ori.jpg,4.4,6.3,PG,102,Warner Bros.,"$60,088,980.00 ",06-Dec-85
296,The Color Purple,http://resizing.flixster.com/8cUjrP4uzSIBK9XTbV2l8fW7_G0=/180x270/dkpu1ddg7pbsk.cloudfront.net/movie/11/16/80/11168034_ori.jpg,6.9,7.8,PG-13,154,Warner Bros.,"$94,175,854.00 ",07-Feb-86
297,The Goonies,http://resizing.flixster.com/zEGbl7xvlrrxuJUs97YL-sJAEaA=/180x270/dkpu1ddg7pbsk.cloudfront.net/movie/11/16/67/11166730_ori.jpg,6.1,7.8,PG,114,Warner Bros.,"$61,389,680.00 ",07-Jun-85
298,The Jewel of the Nile,http://resizing.flixster.com/AnbVvE9r4Tmx3ZHIxPPbFSJ2EOg=/179x257/dkpu1ddg7pbsk.cloudfront.net/movie/11/16/50/11165073_ori.jpg,4.8,6,PG,106,20th Century Fox,"$75,973,200.00 ",11-Dec-85
299,Witness,http://resizing.flixster.com/PPod2vP4QjRVXLfdKUdyV0qo3YA=/180x270/dkpu1ddg7pbsk.cloudfront.net/movie/11/16/89/11168980_ori.jpg,8.1,7.5,R,112,Paramount Pictures,"$68,706,993.00 ",08-Feb-85
300,Beverly Hills Cop,http://resizing.flixster.com/Rje0CY8py13zZipgCWG21rEB3jk=/180x270/dkpu1ddg7pbsk.cloudfront.net/movie/11/16/97/11169777_ori.jpg,7.1,7.3,R,105,Paramount Pictures,"$234,760,478.00 ",05-Dec-84
301,Footloose,http://resizing.flixster.com/-BS99IniaWgjUugv8sMTKuk6tbQ=/180x270/dkpu1ddg7pbsk.cloudfront.net/movie/11/16/89/11168940_ori.jpg,5.7,6.4,R,107,Paramount Pictures,"$80,035,402.00 ",17-Feb-84
302,Ghostbusters,http://resizing.flixster.com/BoiId1MnF0Y_NsF4rbMyCTC4TRo=/180x270/dkpu1ddg7pbsk.cloudfront.net/movie/11/16/74/11167403_ori.jpg,8.2,7.8,PG,105,Columbia Pictures,"$238,632,124.00 ",08-Jun-84
303,Gremlins,http://resizing.flixster.com/00eKnKicNih1jQp_B5ltQPHSal0=/180x270/dkpu1ddg7pbsk.cloudfront.net/movie/11/17/07/11170794_ori.jpg,7.3,7.2,PG,106,Warner Bros.,"$153,083,102.00 ",08-Jun-84
304,Indiana Jones and the Temple of Doom,http://resizing.flixster.com/hlGmbeNA0EUVahBTvVB1rBZvTfo=/180x268/dkpu1ddg7pbsk.cloudfront.net/movie/10/92/11/10921138_ori.jpg,7.2,7.6,PG,118,Paramount Pictures / Lucasfilm,"$179,870,271.00 ",23-May-84
305,Police Academy,http://resizing.flixster.com/yxkN7ApOx7oebSilMhOj1kcXv3M=/176x270/dkpu1ddg7pbsk.cloudfront.net/movie/55/35/80/5535807_ori.jpg,4.5,6.6,R,96,Warner Bros. / The Ladd Company,"$81,198,894.00 ",23-Mar-84
306,Romancing the Stone,http://resizing.flixster.com/Z1g_ytpzZwOKimr5eFOqEK7i3MI=/171x270/dkpu1ddg7pbsk.cloudfront.net/movie/24/63/50/2463504_ori.jpg,7.3,6.9,PG,106,20th Century Fox,"$78,371,200.00 ",30-Mar-84
307,Star Trek III: The Search for Spock,http://resizing.flixster.com/sFfDyO-ggnJziirIooREwqob2YU=/110x150/dkpu1ddg7pbsk.cloudfront.net/movie/10/88/86/10888604_ori.jpg,6.4,6.6,PG,105,Paramount Pictures,"$76,572,238.00 ",01-Jun-84
308,The Karate Kid,http://resizing.flixster.com/m7hi87x8Vofa79xBQywogTPQIZ4=/180x270/dkpu1ddg7pbsk.cloudfront.net/movie/11/17/81/11178155_ori.jpg,6.9,7.2,PG,126,Columbia Pictures,"$90,815,558.00 ",22-Jun-84
309,The Terminator,http://resizing.flixster.com/W54w6sQMgIsV5xH-ftwiWnz1nUA=/180x263/dkpu1ddg7pbsk.cloudfront.net/movie/11/15/35/11153556_ori.jpg,8.7,8.1,R,107,Orion Pictures,"$78,400,000.00 ",26-Oct-84
310,Flashdance,http://resizing.flixster.com/dE3mzn20r1fYcNxLP8mXUIxphbw=/180x270/dkpu1ddg7pbsk.cloudfront.net/movie/11/17/64/11176469_ori.jpg,4.7,6.1,R,95,Paramount Pictures / PolyGram,"$92,921,203.00 ",15-Apr-83
311,Mr. Mom,http://resizing.flixster.com/4k65Krz0moljeHEqvjfxOyjh5rs=/180x260/dkpu1ddg7pbsk.cloudfront.net/movie/25/77/257712_ori.jpg,6.1,6.4,PG,91,20th Century Fox,"$64,783,827.00 ",19-Aug-83
312,Octopussy,http://resizing.flixster.com/VVpBn48QVIOIuckMl467m_E68qs=/180x264/dkpu1ddg7pbsk.cloudfront.net/movie/11/13/14/11131437_ori.jpg,5.2,6.6,PG,131,United Artists,"$67,800,000.00 ",10-Jun-83
313,Risky Business,http://resizing.flixster.com/3-yV3TNHIonKjCnpshrjCWJc4-0=/180x270/dkpu1ddg7pbsk.cloudfront.net/movie/11/16/80/11168031_ori.jpg,7.5,6.8,R,99,Warner Bros.,"$63,541,777.00 ",05-Aug-83
314,Star Wars Episode VI: Return of the Jedi,http://resizing.flixster.com/jPGnLweJ4c_W-vQFMaeHfgWMtfY=/180x263/dkpu1ddg7pbsk.cloudfront.net/movie/10/94/47/10944709_ori.jpg,6.8,8.4,PG,134,Lucasfilm / 20th Century Fox,"$252,583,617.00 ",25-May-83
315,Staying Alive,http://resizing.flixster.com/auWzMlFV3B1eDng1bvZjDxEz_8Q=/180x254/dkpu1ddg7pbsk.cloudfront.net/movie/10/84/09/10840968_ori.jpg,2.7,4.4,PG,93,Paramount Pictures,"$64,892,670.00 ",15-Jul-83
316,Sudden Impact,http://resizing.flixster.com/0kpJQ8n5hnA7-U1DBG9SfFjUIe0=/175x239/dkpu1ddg7pbsk.cloudfront.net/movie/11/15/95/11159568_ori.jpg,5.6,6.6,R,117,Warner Bros.,"$67,642,693.00 ",09-Dec-83
317,Terms of Endearment,http://resizing.flixster.com/E3_AJT2ZW2disDmOGT60EB3cfdY=/180x254/dkpu1ddg7pbsk.cloudfront.net/movie/26/77/267716_ori.jpg,7.5,7.4,R,132,Paramount Pictures,"$108,423,489.00 ",09-Dec-83
318,Trading Places,http://resizing.flixster.com/Qda433UHpulNe0Bvcw6ddGx-9rQ=/180x270/dkpu1ddg7pbsk.cloudfront.net/movie/11/16/89/11168976_ori.jpg,7.2,7.5,R,116,Paramount Pictures,"$90,404,800.00 ",08-Jun-83
319,WarGames,http://resizing.flixster.com/MTs7anbf0ls1bMH0Q3WhwYIwIlY=/180x266/dkpu1ddg7pbsk.cloudfront.net/movie/11/14/87/11148730_ori.jpg,7.6,7.1,PG,114,United Artists,"$79,567,667.00 ",03-Jun-83
320,48 Hrs.,http://resizing.flixster.com/1GsIK1cKROu9oo6ADaFnJZsjawQ=/180x270/dkpu1ddg7pbsk.cloudfront.net/movie/11/16/89/11168922_ori.jpg,7.3,6.9,R,96,Paramount Pictures,"$78,868,508.00 ",08-Dec-82
321,An Officer and a Gentleman,http://resizing.flixster.com/AAwk4KU-kc8ShSa7d416hLrEhoU=/180x261/dkpu1ddg7pbsk.cloudfront.net/movie/10/88/91/10889116_ori.jpg,7.4,7,R,124,Paramount Pictures / Lorimar,"$129,795,554.00 ",13-Aug-82
322,Annie,http://resizing.flixster.com/fRj1Dsx9DniDck8VkZsabC2g2wE=/180x270/dkpu1ddg7pbsk.cloudfront.net/movie/11/16/68/11166872_ori.jpg,5,6.5,PG,127,Columbia Pictures / Rastar,"$57,059,003.00 ",18-Jun-82
323,E.T. the Extra-Terrestrial,http://resizing.flixster.com/7-pyoLHrjzt_5Oz9Va01SLVkwkA=/180x270/dkpu1ddg7pbsk.cloudfront.net/movie/11/16/67/11166788_ori.jpg,9.1,7.9,PG,115,Universal Pictures,"$359,197,037.00 ",11-Jun-82
324,Poltergeist,http://resizing.flixster.com/y4lK78Ue3RbiMIO1Dv9Yoln7oTo=/180x270/dkpu1ddg7pbsk.cloudfront.net/movie/11/16/81/11168111_ori.jpg,7.2,7.4,PG,114,Metro-Goldwyn-Mayer,"$76,606,280.00 ",04-Jun-82
325,Porky's,http://resizing.flixster.com/pJ7I5kFNfqm5AVdwN_xYSGFgFMU=/180x251/dkpu1ddg7pbsk.cloudfront.net/movie/27/20/272018_ori.jpg,4.6,6.1,R,94,20th Century Fox,"$105,492,483.00 ",19-Mar-82
326,Rocky III,http://resizing.flixster.com/gSph_yURfQnTtC3tqotLhhDMVus=/180x261/dkpu1ddg7pbsk.cloudfront.net/movie/26/42/264213_ori.jpg,5.4,6.7,PG,99,United Artists,"$124,146,897.00 ",28-May-82
327,Star Trek II: The Wrath of Khan,http://resizing.flixster.com/ik9Csa1K00izkR8dkc_vY3j8_qs=/180x270/dkpu1ddg7pbsk.cloudfront.net/movie/11/16/97/11169793_ori.jpg,7.9,7.7,PG,113,Paramount Pictures,"$78,912,963.00 ",04-Jun-82
328,The Best Little Whorehouse in Texas,http://resizing.flixster.com/80I7gVDMKWiNKQObvsbRK0T3nZk=/180x270/dkpu1ddg7pbsk.cloudfront.net/movie/11/16/88/11168899_ori.jpg,5.1,5.7,R,114,Universal Pictures / RKO Pictures,"$69,701,637.00 ",23-Jul-82
329,Tootsie,http://resizing.flixster.com/JJPyMdvYTHaURqxmYcIvZVydn88=/180x261/dkpu1ddg7pbsk.cloudfront.net/movie/25/67/256706_ori.jpg,7.7,7.4,PG,116,Columbia Pictures,"$177,200,000.00 ",17-Dec-82
330,Arthur,http://resizing.flixster.com/YoglmWIF_YOtY407y9zWEv39C6g=/180x250/dkpu1ddg7pbsk.cloudfront.net/movie/25/64/256427_ori.jpg,7.2,6.9,PG,97,Orion Pictures / Warner Bros.,"$95,461,682.00 ",17-Jul-81
331,Chariots of Fire,http://resizing.flixster.com/6huYBKWjCmWanFK7Wh97lbx4d_c=/180x270/dkpu1ddg7pbsk.cloudfront.net/movie/11/16/81/11168143_ori.jpg,7.7,7.2,PG,119,Warner Bros. / Ladd,"$58,972,904.00 ",09-Apr-82
332,For Your Eyes Only,http://resizing.flixster.com/CBAZfS0ZsBqZrp4EXvkoZwjyWG0=/180x262/dkpu1ddg7pbsk.cloudfront.net/movie/25/84/258424_ori.jpg,6.3,6.8,PG,127,United Artists,"$54,812,802.00 ",26-Jun-81
333,On Golden Pond,http://resizing.flixster.com/CX_ONPVUPd35rXtm4jdXLXoV6v0=/180x268/dkpu1ddg7pbsk.cloudfront.net/movie/26/46/264625_ori.jpg,7.6,7.7,PG,109,Universal Pictures / ITC,"$119,285,432.00 ",12-Feb-82
334,Raiders of the Lost Ark,http://resizing.flixster.com/13XpB_m89nJi398isDv7cQKOkH4=/180x267/dkpu1ddg7pbsk.cloudfront.net/movie/11/15/76/11157614_ori.jpg,9.1,8.6,PG,115,Paramount Pictures / Lucasfilm,"$212,222,025.00 ",12-Jun-81
335,Stripes,http://resizing.flixster.com/Q-eReXk6_UMY8FCVc-8bY3hIGUU=/180x260/dkpu1ddg7pbsk.cloudfront.net/movie/27/68/276891_ori.jpg,6.6,6.9,R,106,Columbia Pictures,"$85,297,000.00 ",26-Jun-81
336,Superman II,http://resizing.flixster.com/a4SRzDrySrNOffac_PAD9vv5jL0=/175x239/dkpu1ddg7pbsk.cloudfront.net/movie/11/15/98/11159894_ori.jpg,7.5,6.8,PG,127,Warner Bros.,"$108,185,706.00 ",19-Jun-81
337,The Cannonball Run,http://resizing.flixster.com/hApXGMAbDBj2qVhhBnUsyzWoKCw=/175x270/dkpu1ddg7pbsk.cloudfront.net/movie/10/08/33/10083378_ori.jpg,4.2,6.1,PG,95,20th Century Fox / Golden Harvest,"$72,179,579.00 ",19-Jun-81
338,The Four Seasons,http://resizing.flixster.com/BF-PkUm3FXkIg0z88TdG1Snbens=/180x258/dkpu1ddg7pbsk.cloudfront.net/movie/10/88/96/10889696_ori.jpg,6.1,7.2,PG,107,Universal Pictures,"$50,427,646.00 ",22-May-81
339,Time Bandits,http://resizing.flixster.com/YI8rFD6y2Wpnp_EprQvZ0IskLXQ=/180x260/dkpu1ddg7pbsk.cloudfront.net/movie/26/30/263020_ori.jpg,7.9,7,PG,110,Embassy Pictures,"$42,365,581.00 ",06-Nov-81
340,9 to 5,http://resizing.flixster.com/E7MSEo5CA8-8-tizPF0KospM0Gg=/180x254/dkpu1ddg7pbsk.cloudfront.net/movie/25/60/256025_ori.jpg,6.8,6.6,PG,110,20th Century-Fox,"$103,290,500.00 ",19-Dec-80
341,Airplane!,http://resizing.flixster.com/4NZDUpXJit0L6znC2aq1ELGQZHc=/180x270/dkpu1ddg7pbsk.cloudfront.net/movie/10/86/76/10867612_ori.jpg,8.3,7.8,PG,88,Paramount Pictures,"$83,453,539.00 ",02-Jul-80
342,Any Which Way You Can,http://resizing.flixster.com/rBhoEC1ghZX_99DVAU9v3yAl_ak=/175x239/dkpu1ddg7pbsk.cloudfront.net/movie/11/16/01/11160107_ori.jpg,4.9,6,PG,116,Warner Bros. Pictures,"$70,687,344.00 ",17-Dec-80
343,Coal Miner's Daughter,http://resizing.flixster.com/LQCE_QFFl-PVQ7RioIoCY7z1WSo=/180x270/dkpu1ddg7pbsk.cloudfront.net/movie/11/17/87/11178773_ori.jpg,8.3,7.5,PG,124,Universal Studios,"$67,182,787.00 ",07-Mar-80
344,Private Benjamin,http://resizing.flixster.com/CLoO093AFMtK_eQ9AxuBCW1d4Dw=/180x270/dkpu1ddg7pbsk.cloudfront.net/movie/11/16/79/11167930_ori.jpg,6.8,6,R,109,Warner Bros.,"$69,847,348.00 ",10-Oct-80
345,Smokey and the Bandit II,http://resizing.flixster.com/Dpx80dphWfjC3ikCbPtTdS4fC6A=/180x257/dkpu1ddg7pbsk.cloudfront.net/movie/26/56/265607_ori.jpg,4,5.1,PG,100,Universal Studios,"$66,132,626.00 ",15-Aug-80
346,Star Wars Episode V: The Empire Strikes Back,http://resizing.flixster.com/11pJ8EWEJv23jKxSlQHpVqVHKCA=/180x225/dkpu1ddg7pbsk.cloudfront.net/movie/11/15/79/11157937_ori.jpg,8.7,8.8,PG,124,20th Century Fox,"$209,398,025.00 ",20-Jun-80
347,Stir Crazy,http://resizing.flixster.com/wL38Yy4AjFhwIw7BL9Lx5M_g35g=/179x257/dkpu1ddg7pbsk.cloudfront.net/movie/10/93/72/10937292_ori.jpg,6.1,6.8,R,111,Columbia Pictures,"$101,300,000.00 ",12-Dec-80
348,The Blue Lagoon,http://resizing.flixster.com/18EuoLXr1lT3GGEFw8lNIMgTMbw=/180x259/dkpu1ddg7pbsk.cloudfront.net/movie/10/92/42/10924290_ori.jpg,2.7,5.7,R,104,Columbia Pictures,"$58,853,106.00 ",02-Jul-80
349,The Blues Brothers,http://resizing.flixster.com/CzylJmvpoTfiMgXNuYOTAzVfvW4=/180x270/dkpu1ddg7pbsk.cloudfront.net/movie/11/17/19/11171945_ori.jpg,7.1,8,R,133,Universal Studios,"$57,229,890.00 ",20-Jun-80
350,10,http://resizing.flixster.com/EXXHnJDoD4q9EPZmY1xVaTJAq-4=/175x239/dkpu1ddg7pbsk.cloudfront.net/movie/11/15/97/11159767_ori.jpg,6.4,6,R,122,Warner Bros. Pictures,"$74,865,517.00 ",05-Oct-79
351,Alien,http://resizing.flixster.com/zOG4S2KmEkBUxvHdpcGf862Z3fc=/180x270/dkpu1ddg7pbsk.cloudfront.net/movie/11/18/07/11180795_ori.jpg,8.9,8.5,R,117,20th Century Fox Film Corporation,"$80,931,801.00 ",22-Jun-79
352,Apocalypse Now,http://resizing.flixster.com/rTLp2ty2EmErU9bu_jef7AQyYWI=/180x270/dkpu1ddg7pbsk.cloudfront.net/movie/11/17/41/11174198_ori.jpg,8.9,8.5,R,153,United Artists Pictures,"$83,471,511.00 ",15-Aug-79
353,Kramer vs. Kramer,http://resizing.flixster.com/I5FedDIL3XEzkwxjiQFweCpiUXI=/180x261/dkpu1ddg7pbsk.cloudfront.net/movie/10/92/41/10924118_ori.jpg,7.8,7.8,PG-13,105,Columbia Pictures,"$106,260,000.00 ",19-Dec-79
354,Moonraker,http://resizing.flixster.com/sjLwbfOZkuPl395copBayJM2QOk=/180x269/dkpu1ddg7pbsk.cloudfront.net/movie/26/08/260897_ori.jpg,5.7,6.2,PG,126,United Artists Pictures,"$70,308,099.00 ",29-Jun-79
355,Rocky II,http://resizing.flixster.com/EKgpra5WGZ6BP0Ti7H6_ePJmOxw=/180x251/dkpu1ddg7pbsk.cloudfront.net/movie/10/65/79/10657999_ori.jpg,6.4,7.1,PG,119,United Artists Pictures,"$85,182,160.00 ",15-Jun-79
356,Star Trek: The Motion Picture,http://resizing.flixster.com/Ec5wAIGS6V2FQr_6LJ-y5Np2ekc=/180x270/dkpu1ddg7pbsk.cloudfront.net/movie/11/17/67/11176743_ori.jpg,5.7,6.4,PG,132,Paramount Pictures,"$82,258,456.00 ",07-Dec-79
357,The Amityville Horror,http://resizing.flixster.com/qEsC2sau4xKsIVjSbb_U3px2bLE=/180x259/dkpu1ddg7pbsk.cloudfront.net/movie/27/28/272820_ori.jpg,4.4,6.2,R,117,American International Pictures,"$86,432,520.00 ",27-Jul-79
358,The Jerk,http://resizing.flixster.com/do1HJ-YWaZZ5oWj4oTPdmgELEng=/179x257/dkpu1ddg7pbsk.cloudfront.net/movie/11/17/19/11171953_ori.jpg,6.6,7.2,R,94,Universal Studios,"$73,691,419.00 ",14-Dec-79
359,The Muppet Movie,http://resizing.flixster.com/AdxOYDAVFHLPOcbBrcKGwu86-PA=/180x261/dkpu1ddg7pbsk.cloudfront.net/movie/10/88/15/10881570_ori.jpg,7.8,7.7,G,95,Associated Film Distribution,"$65,200,000.00 ",22-Jun-79
360,Dawn of the Dead,http://resizing.flixster.com/qd7II_jowSfGQN1uXTIihlRUKEA=/180x269/dkpu1ddg7pbsk.cloudfront.net/movie/11/15/38/11153820_ori.jpg,8.6,8,R,127,United Film Distribution Company,"$59,020,957.00 ",24-May-79
361,Every Which Way but Loose,http://resizing.flixster.com/sjgoJ60ow0ozKmeh7b5YpD693TI=/180x258/dkpu1ddg7pbsk.cloudfront.net/movie/25/75/257522_ori.jpg,4.5,6.2,PG,114,Warner Bros.,"$85,196,485.00 ",20-Dec-78
362,Grease,http://resizing.flixster.com/CXouI7LdiPaapfmL2YBQHLL0LkA=/179x257/dkpu1ddg7pbsk.cloudfront.net/movie/11/17/13/11171329_ori.jpg,6.6,7.2,PG-13,110,Paramount Pictures,"$159,978,870.00 ",16-Jun-78
363,Heaven Can Wait,http://resizing.flixster.com/oonEvRYUs0dr8HsLOPozi8f46Go=/180x254/dkpu1ddg7pbsk.cloudfront.net/movie/10/86/72/10867228_ori.jpg,7.1,6.9,PG,101,Paramount Pictures,"$81,640,278.00 ",28-Jun-78
364,Hooper,http://resizing.flixster.com/X5UYAVuVbsXJYzblVIIff1JZWU4=/180x244/dkpu1ddg7pbsk.cloudfront.net/movie/26/01/260196_ori.jpg,5.3,6.2,PG,99,Warner Bros.,"$78,000,000.00 ",28-Jul-78
365,Jaws 2,http://resizing.flixster.com/eRi6rPsUazqRQPKAcspj9R_axg0=/177x270/dkpu1ddg7pbsk.cloudfront.net/movie/10/84/11/10841197_ori.jpg,5.3,5.7,PG,116,Universal Pictures,"$77,737,272.00 ",16-Jun-78
366,National Lampoon's Animal House,http://resizing.flixster.com/RH1pAM5Kkn6xHDnydIy7iJp47fA=/180x270/dkpu1ddg7pbsk.cloudfront.net/movie/11/17/19/11171950_ori.jpg,7.7,7.6,R,109,Universal Pictures,"$120,091,123.00 ",28-Jul-78
367,Revenge of the Pink Panther,http://resizing.flixster.com/28sq3VTgeDaa2dIaKhxnbQVMlww=/180x252/dkpu1ddg7pbsk.cloudfront.net/movie/10/87/22/10872256_ori.jpg,6.6,6.7,PG,99,United Artists,"$49,579,269.00 ",19-Jul-78
368,Superman,http://resizing.flixster.com/eYWvvRaDse_pegmhryJzvlpC5bQ=/175x239/dkpu1ddg7pbsk.cloudfront.net/movie/11/15/98/11159893_ori.jpg,8,7.3,PG,143,Warner Bros.,"$134,218,018.00 ",15-Dec-78
369,The Deer Hunter,http://resizing.flixster.com/x851Yl8jaEQAn1EjT4423coiunw=/180x251/dkpu1ddg7pbsk.cloudfront.net/movie/26/75/267592_ori.jpg,8.6,8.2,R,182,Universal Pictures,"$48,979,328.00 ",23-Feb-79
370,A Bridge Too Far,http://resizing.flixster.com/qVLiZ_u6SZJX8kpe0hB0gseLv0c=/180x265/dkpu1ddg7pbsk.cloudfront.net/movie/25/70/257012_ori.jpg,6.8,7.4,PG,175,United Artists,"$50,750,000.00 ",15-Jun-77
371,Annie Hall,http://resizing.flixster.com/BiKNZwUZN2B95PUamCtHPX3m47E=/180x270/dkpu1ddg7pbsk.cloudfront.net/movie/10/85/12/10851294_ori.jpg,8.9,8.1,PG,93,United Artists,"$38,251,425.00 ",20-Apr-77
372,Close Encounters of the Third Kind,http://resizing.flixster.com/l-VNASpdASeSfu2vkl_Dzlb-5so=/180x270/dkpu1ddg7pbsk.cloudfront.net/movie/11/17/26/11172627_ori.jpg,8.8,7.7,PG,137,Columbia Pictures,"$116,395,460.00 ",25-Dec-77
373,"Oh, God!",http://resizing.flixster.com/nxsv7426XETuSqiRTppFij5jtlI=/180x261/dkpu1ddg7pbsk.cloudfront.net/movie/25/96/259612_ori.jpg,6.1,6.5,PG,98,Warner Bros.,"$51,061,196.00 ",07-Oct-77
374,Saturday Night Fever,http://resizing.flixster.com/io0O9e7AFWIzwIFZ7oV_W1kXfg4=/179x270/dkpu1ddg7pbsk.cloudfront.net/movie/10/86/34/10863417_ori.jpg,7.5,6.8,R,118,Paramount Pictures,"$94,213,184.00 ",16-Dec-77
375,Smokey and the Bandit,http://resizing.flixster.com/Ier70vgQRj-3kW5xNbk72TtMbxw=/180x270/dkpu1ddg7pbsk.cloudfront.net/movie/11/17/19/11171952_ori.jpg,6.3,6.8,PG,96,Universal Pictures,"$126,737,428.00 ",27-May-77
376,Star Wars,http://resizing.flixster.com/ulZifXTDSm1uxoWIxQ9uVnSgtVk=/180x270/dkpu1ddg7pbsk.cloudfront.net/movie/10/94/47/10944715_ori.jpg,8.3,8.7,PG,121,Lucasfilm / 20th Century Fox,"$307,263,857.00 ",25-May-77
377,The Deep,http://resizing.flixster.com/KRnyu4v7ZUDfmkfykddClwWpFac=/180x259/dkpu1ddg7pbsk.cloudfront.net/movie/25/82/258213_ori.jpg,4.7,6.1,PG,123,Columbia Pictures,"$47,346,365.00 ",17-Jun-77
378,The Goodbye Girl,http://resizing.flixster.com/i5oKMp_Znx3rPv8mfLRNAh65joA=/180x252/dkpu1ddg7pbsk.cloudfront.net/movie/25/58/255805_ori.jpg,6.5,7.4,PG,111,Metro-Goldwyn-Mayer / Warner Bros. / Rastar,"$102,000,000.00 ",01-Feb-78
379,The Spy Who Loved Me,http://resizing.flixster.com/KgYbppNJw1toKJQS3s5W0X3Jw40=/180x270/dkpu1ddg7pbsk.cloudfront.net/movie/10/88/65/10886552_ori.jpg,6.8,7.1,PG,125,United Artists,"$46,838,673.00 ",03-Aug-77
380,A Star Is Born,http://resizing.flixster.com/KxL-8EASc3Y-CarCsHi8tB8IlSs=/174x270/dkpu1ddg7pbsk.cloudfront.net/movie/39/09/89/3909896_ori.jpg,5.3,6.5,R,139,Warner Bros. Pictures,"$80,000,000.00 ",17-Dec-76
381,All the President's Men,http://resizing.flixster.com/2SJn5620RR5xcQFVBX5e5iEKTSA=/180x255/dkpu1ddg7pbsk.cloudfront.net/movie/10/85/76/10857662_ori.jpg,9.1,8,R,138,Warner Bros. Pictures,"$70,600,000.00 ",09-Apr-76
382,In Search of Noah's Ark,https://bandsaboutmovies.files.wordpress.com/2021/02/72c9ff57719925d4b48900462852e699.jpg?w=768&h=690,0,4.6,G,99,Sunn Classic Pictures,"$55,700,000.00 ",11-Feb-77
383,King Kong(1976),http://resizing.flixster.com/FsOcGM5YUSUTGFjr1eTEz7au_3A=/180x256/dkpu1ddg7pbsk.cloudfront.net/movie/10/93/36/10933607_ori.jpg,4.7,5.8,PG,134,Paramount Pictures,"$52,614,445.00 ",17-Dec-76
384,Midway,http://resizing.flixster.com/7PKqPlaHLc9p9bSbI6_cnj8cLaA=/100x137/dkpu1ddg7pbsk.cloudfront.net/movie/10/84/95/10849574_ori.jpg,5.9,6.7,PG,132,Universal Studios / Cinema International Corporation,"$43,220,000.00 ",18-Jun-76
385,Rocky,http://resizing.flixster.com/yRnpvBZYk8JvEr_yK_9EuaHNjkM=/180x268/dkpu1ddg7pbsk.cloudfront.net/movie/10/89/83/10898396_ori.jpg,8.3,8.1,PG,119,United Artists Pictures,"$117,235,147.00 ",03-Dec-76
386,Silver Streak,http://resizing.flixster.com/5wb745LD70y5VSZoZJow6R11ePY=/179x257/dkpu1ddg7pbsk.cloudfront.net/movie/11/16/47/11164765_ori.jpg,6.5,6.9,PG,114,20th Century-Fox Film Corporation,"$51,079,064.00 ",03-Dec-76
387,The Enforcer,http://resizing.flixster.com/ua3FRdHJgqH5Oh3mmxDrPA33HeA=/180x256/dkpu1ddg7pbsk.cloudfront.net/movie/27/65/276594_ori.jpg,6.3,6.8,R,96,Warner Bros. Pictures,"$46,236,000.00 ",22-Dec-76
388,The Omen,http://resizing.flixster.com/wEkCkxtzp2FgvifjB9nHs3C_oPE=/180x254/dkpu1ddg7pbsk.cloudfront.net/movie/10/93/48/10934824_ori.jpg,7.1,7.6,R,111,20th Century Fox Film Corporation,"$60,922,980.00 ",25-Jun-76
389,To Fly!,https://m.media-amazon.com/images/M/MV5BZmEyOGNjNjItZGUzYS00NmU3LTlkMzgtN2NmMmM0MzYzM2IwXkEyXkFqcGdeQXVyNjU1NTUyNzA@._V1_.jpg,0,7,G,27,National Air and Space Museum,"$86,600,000.00 ",19-Jun-81
390,"Aloha, Bobby and Rose",http://resizing.flixster.com/bce5GdSlskSOZWtAjqDcUkWFGnI=/110x151/dkpu1ddg7pbsk.cloudfront.net/movie/10/85/48/10854843_ori.jpg,0,6,PG,88,Columbia Pictures,"$35,000,000.00 ",29-Apr-75
391,Dog Day Afternoon,http://resizing.flixster.com/nYzl8e218r1L6EjAekopsLaYQ98=/180x270/dkpu1ddg7pbsk.cloudfront.net/movie/11/17/63/11176318_ori.jpg,8.5,8.1,R,125,Warner Bros.,"$50,000,000.00 ",21-Sep-75
392,Funny Lady,http://resizing.flixster.com/OX-CmI8fMaWHQqEIswF9kx2QVEA=/180x261/dkpu1ddg7pbsk.cloudfront.net/movie/10/88/03/10880352_ori.jpg,4.6,6.4,PG,136,Columbia Pictures,"$39,000,000.00 ",15-Mar-75
393,Shampoo,http://resizing.flixster.com/J85B30Wmahzrgw0BmQaNVKczHy8=/180x262/dkpu1ddg7pbsk.cloudfront.net/movie/27/21/272120_ori.jpg,6.2,6.3,R,109,Columbia Pictures,"$49,407,734.00 ",13-Mar-75
394,The Apple Dumpling Gang,http://resizing.flixster.com/XFNfAAKeokqanZJOBMWXcb0SnUQ=/180x259/dkpu1ddg7pbsk.cloudfront.net/movie/25/12/251202_ori.jpg,6.2,6.2,G,100,Walt Disney Productions,"$36,853,000.00 ",01-Jul-75
395,The Other Side of the Mountain,http://resizing.flixster.com/V6M1TKucdKIV1pTF3OKSOiakRsA=/110x150/dkpu1ddg7pbsk.cloudfront.net/movie/10/88/23/10882353_ori.jpg,0,6.4,PG,103,Universal Pictures,"$34,673,100.00 ",20-Dec-75
396,The Return of the Pink Panther,http://resizing.flixster.com/coMRFsl2YBbDwXYVs9z3FTDsPzc=/180x268/dkpu1ddg7pbsk.cloudfront.net/movie/10/87/22/10872257_ori.jpg,6.7,7.1,G,113,United Artists,"$41,833,347.00 ",21-May-75
